id,sku,short_description,price,list_price,price_usd,discount,discount_rate,review_count,order_count,inventory_status,is_visible,stock_item_qty,stock_item_max_sale_qty,product_name,brand_id,brand_name
276250848,9229325045790,"Với thiết kế thanh lịch, công nghệ mạnh mẽ và tính năng bảo mật cao, Samsung Galaxy A06 mang đến trải nghiệm đỉnh cao.Màn hình lớn 6.7 inch, camera 50 MP tinh xảo và thời lượng pin dài lâu giúp thiết...",2270000,2390000,,120000,5,5,,available,,1000,1000,,18802,Samsung
274101262,6477332696485,"Samsung Galaxy Tab A9 Plus – Hiệu suất vượt trộiNằm trong phân khúc tầm trung, Galaxy Tab A9 Plus không đi kèm trái tim khủng như Galaxy S9 nhưng vẫn đem đến hiệu năng vượt trội so với đối thủ cùng p...",3750000,5990000,,2240000,37,77,,available,,1000,1000,,18802,Samsung
277063012,5671147042438,"Galaxy S25 - Cánh tay đắc lực AI- Now Brief: Đưa ra các đề xuất được cá nhân hoá dựa trên phân tích thông minh về lịch trình riêng, sở thích và mục tiêu cá nhân.- Seamless Actions across Apps: Ra câu...",18990000,22990000,,4000000,17,1,,available,,1000,1000,,18802,Samsung
273947792,1790024126641,Điện thoại Samsung Galaxy S24 Ultra 5G- Hàng chính hãngMàn hình với độ sáng thích ứng lớn nhất lên đến 2600 nitMặt kính Corning Gorilla Armor giúp giảm phản xạ và cải thiện độ sắc nét của hình ảnh...,20990000,34490000,,13500000,39,16,,available,,1000,1000,,18802,Samsung
276250878,9774202688539,"Màn hình rộng lớn, trải nghiệm tối ưuGalaxy A06 được trang bị kích thước màn hình 6.7 inch thuộc phân khúc lớn, giúp tối ưu hóa trải nghiệm giải trí như xem phim, chơi game hay đọc sách điện tử dễ dà...",2320000,3490000,,1170000,34,24,,available,,1000,1000,,18802,Samsung
277409699,2851926928911,...,16990000,16990000,,0,0,0,,available,,1000,1000,,17827,Apple
277311630,4530225504340,"Điện Thoại Xiaomi Redmi 14C 6GB/128GB - Hàng Chính HãngBộ sản phẩm bao gồm: Pin, sạc, cáp USB kiểu C,ốp lưng, hướng dẫn, cây tháo sim.Hiển thị sống động và bảo vệ tối ưu- Với tấm nền IPS LCD kích ...",3690000,3690000,,0,0,0,,available,,1000,1000,,25422,Xiaomi
277164932,9009073125928,Updating...,590000,590000,,0,0,0,,available,,1000,1000,,18802,Samsung
277164766,7559269983981,"Tốc độ sạc siêu nhanhBộ đổi nguồn 45W là người bạn đồng hành với khả năng sạc nhanh và hiệu quả cao. Được thiết kế với độ chính xác để tích hợp liền mạch với các thiết bị Samsung Galaxy, đảm bảo ...",450000,890000,,440000,49,0,,available,,1000,1000,,18802,Samsung
277063012,5671147042438,"Galaxy S25 - Cánh tay đắc lực AI- Now Brief: Đưa ra các đề xuất được cá nhân hoá dựa trên phân tích thông minh về lịch trình riêng, sở thích và mục tiêu cá nhân.- Seamless Actions across Apps: Ra câu...",18990000,22990000,,4000000,17,1,,available,,1000,1000,,18802,Samsung
274101255,7027695045511,"Thiết kế tinh tế, hợp xu hướngGalaxy Tab A9 được thiết kế nguyên khối với bộ khung kim loại cùng mặt lưng phẳng, góp phần mang đến một tổng thể liền lạc thống nhất. Ngoài ra, mặt lưng này còn được ho...",2490000,3990000,,1500000,38,132,,available,,1000,1000,,18802,Samsung
276614493,8837015340131,"Samsung Galaxy A16 4GB/128GB là chiếc smartphone vừa đẹp vừa mạnh, phù hợp cho mọi nhu cầu từ giải trí đến công việc. Với thiết kế nhỏ gọn, hiện đại, màn hình lớn, camera rõ nét và pin bền, Galaxy A16...",3390000,5090000,,1700000,33,4,,available,,1000,1000,,18802,Samsung
277068413,4153561492439," Galaxy S25 Ultra - Cánh tay đắc lực AI- Now Brief: Đưa ra các đề xuất được cá nhân hoá dựa trên phân tích thông minh về lịch trình riêng, sở thích và mục tiêu cá nhân.- Seamless Actions across Apps...",28990000,33990000,,5000000,15,0,,available,,1000,1000,,18802,Samsung
275618846,2577976732413,"Sở hữu những tính năng hàng đầu trong phân khúc, đi kèm mức giá hợp lý, Samsung Galaxy A34 là “chiến hữu” kề vai sát cánh cùng Gen Z, sẵn sàng cân mọi hoạt động, chinh phục mọi thử thách. Hãy trải ngh...",5800000,6290000,,490000,8,67,,available,,1000,1000,,18802,Samsung
277466537,1329797038676,Điện thoại Samsung Galaxy A36 5G - Awesome Intelligence- Thiết kế tinh xảo và đẳng cấp cùng bộ nhận diện camera mới – Camera Island- Mặt lưng kính cường lực Gorilla Glass 7 và viền màn hình mỏng ấn t...,7890000,7890000,,0,0,0,,available,,1000,1000,,18802,Samsung
277007015,4591311330923,"Chip MediaTek hỗ trợ chiến game ổn địnhMediaTek Helio G99-Ultra 8 nhân trên Redmi Note 14 được sản xuất trên tiến trình 6 nm hiện đại, mang lại hiệu năng ổn định khi chơi các tựa game đồ họa nặng như...",3850000,4990000,,1140000,23,5,,available,,1000,1000,,25422,Xiaomi
276976267,4060416641163,"Bạn đồng hành hoàn hảo hàng ngàyGalaxy Buds FE với thiết kế công thái học nhỏ gọn mang đến trải nghiệm nghe vượt trội. Loại bỏ những tạp âm không mong muốn nhờ công nghệ Chống ồn chủ động (ANC), ...",1690000,1990000,,300000,15,1,,available,,1000,1000,,18802,Samsung
276614493,8837015340131,"Samsung Galaxy A16 4GB/128GB là chiếc smartphone vừa đẹp vừa mạnh, phù hợp cho mọi nhu cầu từ giải trí đến công việc. Với thiết kế nhỏ gọn, hiện đại, màn hình lớn, camera rõ nét và pin bền, Galaxy A16...",3390000,5090000,,1700000,33,4,,available,,1000,1000,,18802,Samsung
276559198,5048296012582,"POCO C75 cấu hình nổi bật với chip Helio G85Theo thông tin từ trang GSMArena, POCO C75 đã đạt chứng nhận FCC với mã model là 2410FPCC5G, đây cũng là phiên bản kế nhiệm của POCO C65 ra mắt vào năm ngo...",2990000,3290000,,300000,9,8,,available,,1000,1000,,406575,POCO
276536922,6703391074991,"Thắng thao mobile cam kếtHàng chính hãng mới 100%Bảo hành 6 tháng phần cứng,12 tháng phần mềmThông số kỹ thuậtMàn hình: OLED, 120Hz, HDR10 6.9 inches,Màn phụ: 1.43 inches, 466 x 466 pixelsHệ điều hà...",4899000,5990000,,1091000,18,4,,available,,1000,1000,,162007,Tecno
276976267,4060416641163,"Bạn đồng hành hoàn hảo hàng ngàyGalaxy Buds FE với thiết kế công thái học nhỏ gọn mang đến trải nghiệm nghe vượt trội. Loại bỏ những tạp âm không mong muốn nhờ công nghệ Chống ồn chủ động (ANC), ...",1690000,1990000,,300000,15,1,,available,,1000,1000,,18802,Samsung
277065642,8882299945728,"Galaxy S25+ - Cánh tay đắc lực AI- Now Brief: Đưa ra các đề xuất được cá nhân hoá dựa trên phân tích thông minh về lịch trình riêng, sở thích và mục tiêu cá nhân.- Seamless Actions across Apps: Ra câ...",22990000,26990000,,4000000,15,1,,available,,1000,1000,,18802,Samsung
276448816,9210012386172,"Tốc độ sạc siêu nhanhBộ đổi nguồn 45W là người bạn đồng hành với khả năng sạc nhanh và hiệu quả cao. Được thiết kế với độ chính xác để tích hợp liền mạch với các thiết bị Samsung Galaxy, đảm bảo...",471000,1190000,,719000,60,16,,available,,1000,1000,,18802,Samsung
277574339,2018136311966,"Mạnh mẽ, tinh tếCủ sạc nhanh mới với tính năng Sạc Siêu Nhanh 25W, dành cho thiết bị tương thích với cáp sạc USB Type-C.*Sạc siêu nhanh (SFC) là công nghệ sạc của Samsung dựa trên Power D...",160000,190000,,30000,16,0,,available,,1000,1000,,18802,Samsung
276515327,7774039598529,"POCO C75 cấu hình nổi bật với chip Helio G85Theo thông tin từ trang GSMArena, POCO C75 đã đạt chứng nhận FCC với mã model là 2410FPCC5G, đây cũng là phiên bản kế nhiệm của POCO C65 ra mắt vào năm ngo...",2690000,3390000,,700000,21,20,,available,,1000,1000,,406575,POCO
276411458,9153107602584,"Cấu hình sản phẩm:Thẻ Sim:2 SIM, 1 esim +1 Nano SIM /5GMàn hình:6.7 inches, IPS LCD, 90HzĐộ phân giải:1080 x 2460 pixels (~396 ppi density)CPU: MediaTek Dimensity 6020 5G 8 nhânRAM: 4GBBộ nhớ: 128GBCa...",3199000,3999000,,800000,20,1,,available,,1000,1000,,25643,OPPO
276410628,2176266770804,"Cấu hình Realme V60 5G?Bạn có thể tham khảo cấu hình Realme V60 ra mắt dưới đây.Thông sốRealme V60Kích thước165,6 x 76,1 x 7,9 mmTrọng lượng192 gMàn hình6,67 inch, IPS LCD,...",2999000,3999000,,1000000,25,1,,available,,1000,1000,,247549,Realme
276250878,9774202688539,"Màn hình rộng lớn, trải nghiệm tối ưuGalaxy A06 được trang bị kích thước màn hình 6.7 inch thuộc phân khúc lớn, giúp tối ưu hóa trải nghiệm giải trí như xem phim, chơi game hay đọc sách điện tử dễ dà...",2320000,3490000,,1170000,34,24,,available,,1000,1000,,18802,Samsung
276250848,9229325045790,"Với thiết kế thanh lịch, công nghệ mạnh mẽ và tính năng bảo mật cao, Samsung Galaxy A06 mang đến trải nghiệm đỉnh cao.Màn hình lớn 6.7 inch, camera 50 MP tinh xảo và thời lượng pin dài lâu giúp thiết...",2270000,2390000,,120000,5,5,,available,,1000,1000,,18802,Samsung
276166741,9492121721906,"Điện thoại Tecno Spark Go 1 được trang bị màn hình IPS LCD 6.67inch với độ phân giải HD+ (700 x 1600 pixel), đảm bảo mang đến trải nghiệm hiển thị sắc nét. Kèm theo đó là chipset Unisoc T615 tám nhân ...",2090000,2490000,,400000,16,14,,available,,1000,1000,,162007,Tecno
276110276,1108005232466,...,25990000,25990000,,0,0,13,,available,,1000,1000,,17827,Apple
276110023,3053239573653,...,24990000,28990000,,4000000,14,29,,available,,1000,1000,,17827,Apple
276109904,8692128795448,...,30850000,34990000,,4140000,12,109,,available,,1000,1000,,17827,Apple
276099688,9889121084899,"Thông số kĩ thuậtThẻ SIM: 2 SIM, NanoSIMMàn hình: 6,67 inch, AMOLED, 120Hz, 1200 nitsĐộ phân giải: Full HD+ (1080 x 2400 pixels), tỷ lệ 20:9CPU: Snapdragon 4 thế hệ 1 (6 nm)RAM: 8GBROM : 128GBC...",3349000,3999000,,650000,16,3,,available,,1000,1000,,25422,Xiaomi
275618846,2577976732413,"Sở hữu những tính năng hàng đầu trong phân khúc, đi kèm mức giá hợp lý, Samsung Galaxy A34 là “chiến hữu” kề vai sát cánh cùng Gen Z, sẵn sàng cân mọi hoạt động, chinh phục mọi thử thách. Hãy trải ngh...",5800000,6290000,,490000,8,67,,available,,1000,1000,,18802,Samsung
275510579,6679889211688,Giới thiệu Điện thoại OPPO Reno12 F 5G có dung lượng lưu trữ 8GB+256GB kết hợp chipset MediaTek D6300 đem đến sự ổn định để xử lý các tác vụ khác nhau. Với camera sau độ phân giải cao lên đến 50 MP v...,6750000,9490000,,2740000,29,4,,available,,1000,1000,,25643,OPPO
275510578,4586613938878,"Đặc điểm nổi bậtTrải nghiệm hình ảnh mượt mà và sống động với màn hình 90Hz, cho bạn những thao tác vuốt chạm và chơi game mượt mà hơn.Tận hưởng tốc độ internet siêu nhanh và ổn định với kết nối 5G...",5990000,7490000,,1500000,20,29,,available,,1000,1000,,25643,OPPO
274101262,6477332696485,"Samsung Galaxy Tab A9 Plus – Hiệu suất vượt trộiNằm trong phân khúc tầm trung, Galaxy Tab A9 Plus không đi kèm trái tim khủng như Galaxy S9 nhưng vẫn đem đến hiệu năng vượt trội so với đối thủ cùng p...",3750000,5990000,,2240000,37,77,,available,,1000,1000,,18802,Samsung
274101255,7027695045511,"Thiết kế tinh tế, hợp xu hướngGalaxy Tab A9 được thiết kế nguyên khối với bộ khung kim loại cùng mặt lưng phẳng, góp phần mang đến một tổng thể liền lạc thống nhất. Ngoài ra, mặt lưng này còn được ho...",2490000,3990000,,1500000,38,132,,available,,1000,1000,,18802,Samsung
273947792,1790024126641,Điện thoại Samsung Galaxy S24 Ultra 5G- Hàng chính hãngMàn hình với độ sáng thích ứng lớn nhất lên đến 2600 nitMặt kính Corning Gorilla Armor giúp giảm phản xạ và cải thiện độ sắc nét của hình ảnh...,20990000,34490000,,13500000,39,16,,available,,1000,1000,,18802,Samsung
273942001,9188045788921,"Thiết kế đổi mới cùng độ mỏng ấn tượng 7.97 mmThiết kế của Redmi Note 13 mang đậm dấu ấn của sự tinh tế và sang trọng. Máy sở hữu một hình dáng vuông vức, với khung viền và mặt lưng được chế tạo độc ...",3450000,4590000,,1140000,25,151,,available,,1000,1000,,25422,Xiaomi
273252926,8029011002543,"Thiết kế trẻ trung, chuyển màu huyền ảoMặc dù có mức giá phải chăng nhưng OPPO A18 đã được nhà sản xuất tạo hình cực kỳ trẻ trung hiện đại. Mặt lưng và khung viền của điện thoại được thiết kế vát phẳ...",2750000,3990000,,1240000,31,44,,available,,1000,1000,,25643,OPPO
271966786,3577192583861,"Nội dung quảng cáoiPhone 15 sở hữu Dynamic Island, camera Chính 48MP và USB-C trong thiết kế bằng kính pha màu và nhôm bền bỉ. Tính năng nổi bậtDYNAMIC ISLAND RA MẮT TRÊN IPHONE 15 — Dynamic Isla...",15750000,22490000,,6740000,30,104,,available,,1000,1000,,17827,Apple
270975124,7692669431564,"OPPO A58 - chiếc điện thoại kế nhiệm nhà OPPO dự kiến sẽ có những thiết kế nổi bật ngoài sự mong đợi. Điện thoại sở hữu cấu hình ấn tượng với chip Dimensity 700 và khả năng đa nhiệm của RAM 8G, bộ nhớ...",4090000,4990000,,900000,18,124,,available,,1000,1000,,25643,OPPO
252586291,8259108068504,"LƯU Ý VỀ QUẢNG CÁO TRÊN KINDLE (MÀN HÌNH CHỜ/ẢNH BÌA).... (cập nhật tháng 10/2024)Thông thường bản Kids Edititon thường sẽ tự động cập nhật thành bản không có quảng cáo. Tuy nhiên, trong trường hợp ...",3650000,3650000,,0,0,105,,available,,1000,1000,,147856,Kindle
217706932,8671886696124,Amazon vừa chính thức ra mắt thế hệ tiếp theo của dòng máy đọc sách Kindle Paperwhite.Kindle Paperwhite 5 (hay Kindle Paperwhite 11th Gen) là phiên bản thay thế cho chiếc Kindle Paperwhite 4 đã ra ...,3850000,3890000,,40000,1,128,,available,,1000,1000,,147856,Kindle
205815576,7521531234052,"Nội dung quảng cáoĐược thiết kế lại đầy màu sắc và giàu năng lực hơn bao giờ hết. Với chip A14 Bionic mạnh mẽ, các nhà giáo dục có thể giúp học sinh làm mọi việc từ phác thảo ý tưởng đến học lập trìn...",8730000,12990000,,4260000,33,124,,available,,1000,1000,,17827,Apple
203661802,7288090154485,"Năng lượng mà iPhone của bạn cầnAdapter Sạc Anker 313 / 311 Charger Gen 2 30W được thiết kế với công suất đầu ra 30W để phù hợp với đầu vào tối đa của iPhone 14, vì vậy có thể cung cấp chính xác lượn...",278000,499000,,221000,44,3,,available,,1000,1000,,50629,ANKER
201067649,6927586640656,"LƯU Ý VỀ QUẢNG CÁO TRÊN KINDLE (MÀN HÌNH CHỜ/ẢNH BÌA).... (cập nhật tháng 10/2024)Thông thường bản Kids Edititon thường sẽ tự động cập nhật thành bản không có quảng cáo. Tuy nhiên, trong trường hợp b...",3590000,3590000,,0,0,116,,available,,1000,1000,,147856,Kindle
184059211,3643515408223,iPhone 13. Hệ thống camera kép tiên tiến nhất từng có trên iPhone. Chip A15 Bionic thần tốc. Bước nhảy vọt về thời lượng pin. Thiết kế bền bỉ. Mạng 5G siêu nhanh.1 Cùng với màn hình Super Retina XDR s...,11850000,24990000,,13140000,53,2045,,available,,1000,1000,,17827,Apple
183330021,7453477983299,"Nội dung quảng cáoMạnh mẽ. Dễ sử dụng. Linh hoạt. iPad có màn hình Retina 10.2 inch tuyệt đẹp, chip A13 Bionic mạnh mẽ, camera trước Ultra Wide có tính năng Trung Tâm Màn Hình, tương thích với Apple ...",6850000,10990000,,4140000,38,1033,,available,,1000,1000,,17827,Apple
170165701,1155942000611,"• Màn hình lớn gấp đôi-số to, rõ hiện lịch, đồng hồ, số gọi tới, gọi đi (không pin).• Bộ nhớ 30 cuộc gọi tới, 10 cuộc gọi đi (mã vùng, số điện thoại, thời gian).• Xóa, gọi lại số gọi đi, gọi tới. Nhấn...",450000,450000,,0,0,12,,available,,1000,1000,,5178283,KTEL
163914808,3951612829798,"Treo tường hoặc để bànĐiều chỉnh âm lượng, chuôngQuay số nhanhĐèn tín hiệuSản xuất tại MalaysiaBảo hành 1 năm chính hãng Panasonic Giá bán đã thuế 10% VAT...",300000,300000,,0,0,137,,available,,1000,1000,,18804,Panasonic
118100164,9990919849152,Điện thoại bàn Panasonic KX-TGB110CX được thiết kế đơn giản và thanh thoát nhưng rất sang trọng. Với màu đen truyền thống Điện thoại Panasonic KX-TGB110CX sẽ làm cho căn phòng của bạn trở nên nổi bật ...,815000,815000,,0,0,21,,available,,1000,1000,,18804,Panasonic
274101262,6477332696485,"Samsung Galaxy Tab A9 Plus – Hiệu suất vượt trộiNằm trong phân khúc tầm trung, Galaxy Tab A9 Plus không đi kèm trái tim khủng như Galaxy S9 nhưng vẫn đem đến hiệu năng vượt trội so với đối thủ cùng p...",3750000,5990000,,2240000,37,77,,available,,1000,1000,,18802,Samsung
273947792,1790024126641,Điện thoại Samsung Galaxy S24 Ultra 5G- Hàng chính hãngMàn hình với độ sáng thích ứng lớn nhất lên đến 2600 nitMặt kính Corning Gorilla Armor giúp giảm phản xạ và cải thiện độ sắc nét của hình ảnh...,20990000,34490000,,13500000,39,16,,available,,1000,1000,,18802,Samsung
274101255,7027695045511,"Thiết kế tinh tế, hợp xu hướngGalaxy Tab A9 được thiết kế nguyên khối với bộ khung kim loại cùng mặt lưng phẳng, góp phần mang đến một tổng thể liền lạc thống nhất. Ngoài ra, mặt lưng này còn được ho...",2490000,3990000,,1500000,38,132,,available,,1000,1000,,18802,Samsung
277068413,4153561492439," Galaxy S25 Ultra - Cánh tay đắc lực AI- Now Brief: Đưa ra các đề xuất được cá nhân hoá dựa trên phân tích thông minh về lịch trình riêng, sở thích và mục tiêu cá nhân.- Seamless Actions across Apps...",28990000,33990000,,5000000,15,0,,available,,1000,1000,,18802,Samsung
276614493,8837015340131,"Samsung Galaxy A16 4GB/128GB là chiếc smartphone vừa đẹp vừa mạnh, phù hợp cho mọi nhu cầu từ giải trí đến công việc. Với thiết kế nhỏ gọn, hiện đại, màn hình lớn, camera rõ nét và pin bền, Galaxy A16...",3390000,5090000,,1700000,33,4,,available,,1000,1000,,18802,Samsung
277466537,1329797038676,Điện thoại Samsung Galaxy A36 5G - Awesome Intelligence- Thiết kế tinh xảo và đẳng cấp cùng bộ nhận diện camera mới – Camera Island- Mặt lưng kính cường lực Gorilla Glass 7 và viền màn hình mỏng ấn t...,7890000,7890000,,0,0,0,,available,,1000,1000,,18802,Samsung
277175913,3315830123037,"Điện Thoại Xiaomi Redmi Note 14 6GB/128GB - Hàng Chính HãngBộ sản phẩm bao gồm: Pin, sạc, cáp USB kiểu C, ốp lưng, hướng dẫn, cây tháo sim.Tấm nền AMOLED, tần số quét 120 Hz- Trang bị tấm nền AMOL...",4129000,4990000,,861000,17,4,,available,,1000,1000,,25422,Xiaomi
277068413,4153561492439," Galaxy S25 Ultra - Cánh tay đắc lực AI- Now Brief: Đưa ra các đề xuất được cá nhân hoá dựa trên phân tích thông minh về lịch trình riêng, sở thích và mục tiêu cá nhân.- Seamless Actions across Apps...",28990000,33990000,,5000000,15,0,,available,,1000,1000,,18802,Samsung
277014407,2809297850842,Thắng thao mobile cam kếtHàng chính hãng mới 100%Bảo hành 12 tháng Thông tin chi tiếtKích thước màn hình :6.6 inchesCPU Unisoc SC9863AHệ điều hành Andoid 13Bộ nhớ trong: 64GB RAM 4GBCamera c...,1750000,2190000,,440000,20,0,,available,,1000,1000,,162007,Tecno
276925932,5130374704780,"Màn hình: Super AMOLED 6.7 inch, FHD+Chipset: MediaTek Helio G99Camera sau: 50 MP + 5 MP + 2 MPCamera trước: 13 MPRAM: 4GB /8GBBộ nhớ trong: 128GB/ 256GBKháng nước và bụi IP54Dung lượng pin: 5...",3699000,5090000,,1391000,27,1,,available,,1000,1000,,18802,Samsung
276250878,9774202688539,"Màn hình rộng lớn, trải nghiệm tối ưuGalaxy A06 được trang bị kích thước màn hình 6.7 inch thuộc phân khúc lớn, giúp tối ưu hóa trải nghiệm giải trí như xem phim, chơi game hay đọc sách điện tử dễ dà...",2320000,3490000,,1170000,34,24,,available,,1000,1000,,18802,Samsung
275618846,2577976732413,"Sở hữu những tính năng hàng đầu trong phân khúc, đi kèm mức giá hợp lý, Samsung Galaxy A34 là “chiến hữu” kề vai sát cánh cùng Gen Z, sẵn sàng cân mọi hoạt động, chinh phục mọi thử thách. Hãy trải ngh...",5800000,6290000,,490000,8,67,,available,,1000,1000,,18802,Samsung
277063012,5671147042438,"Galaxy S25 - Cánh tay đắc lực AI- Now Brief: Đưa ra các đề xuất được cá nhân hoá dựa trên phân tích thông minh về lịch trình riêng, sở thích và mục tiêu cá nhân.- Seamless Actions across Apps: Ra câu...",18990000,22990000,,4000000,17,1,,available,,1000,1000,,18802,Samsung
277466537,1329797038676,Điện thoại Samsung Galaxy A36 5G - Awesome Intelligence- Thiết kế tinh xảo và đẳng cấp cùng bộ nhận diện camera mới – Camera Island- Mặt lưng kính cường lực Gorilla Glass 7 và viền màn hình mỏng ấn t...,7890000,7890000,,0,0,0,,available,,1000,1000,,18802,Samsung
276448816,9210012386172,"Tốc độ sạc siêu nhanhBộ đổi nguồn 45W là người bạn đồng hành với khả năng sạc nhanh và hiệu quả cao. Được thiết kế với độ chính xác để tích hợp liền mạch với các thiết bị Samsung Galaxy, đảm bảo...",471000,1190000,,719000,60,16,,available,,1000,1000,,18802,Samsung
276523733,1722625231913,"         Máy tính bảng cấu hình cực khỏe cho dân văn phòng sinh viên học sinh, cpu 4 nhân 2.0 ghz, ram 4gb, bộ nhớ 64gb. Chiến được các game như liên quân.... Tặng kèm bao da cao cấp.    Thông số...",1750000,1750000,,0,0,4,,available,,1000,1000,,7826699,TEKKIN
276448816,9210012386172,"Tốc độ sạc siêu nhanhBộ đổi nguồn 45W là người bạn đồng hành với khả năng sạc nhanh và hiệu quả cao. Được thiết kế với độ chính xác để tích hợp liền mạch với các thiết bị Samsung Galaxy, đảm bảo...",471000,1190000,,719000,60,16,,available,,1000,1000,,18802,Samsung
276167489,4360663607989,"Giới thiệu Gậy Selfie Từ Tính Baseus TechShot Series Dual-Support Phone (Nam Châm + Kẹp, Bluetooth Remote control)Gậy selfie từ tính Baseus TechShot Series không chỉ là một phụ kiện chụp ảnh thông th...",882000,882000,,0,0,1,,available,,1000,1000,,21651,Baseus
276162093,4455362822083,"Boox Go 6 - Mang cả thế giới sách trong tayĐọc nhiều giờ với màn hình thân thiện với mắtDễ dàng cài đặt các app đọc sáchTrình đọc thông minh, nâng tầm trải nghiệmTrải nghiệm mượt mà với chip xử ...",4790000,5390000,,600000,11,4,,available,,1000,1000,,183637,Onyx Boox
276110349,1869189483085,...,22990000,22990000,,0,0,30,,available,,1000,1000,,17827,Apple
277065642,8882299945728,"Galaxy S25+ - Cánh tay đắc lực AI- Now Brief: Đưa ra các đề xuất được cá nhân hoá dựa trên phân tích thông minh về lịch trình riêng, sở thích và mục tiêu cá nhân.- Seamless Actions across Apps: Ra câ...",22990000,26990000,,4000000,15,1,,available,,1000,1000,,18802,Samsung
276250848,9229325045790,"Với thiết kế thanh lịch, công nghệ mạnh mẽ và tính năng bảo mật cao, Samsung Galaxy A06 mang đến trải nghiệm đỉnh cao.Màn hình lớn 6.7 inch, camera 50 MP tinh xảo và thời lượng pin dài lâu giúp thiết...",2270000,2390000,,120000,5,5,,available,,1000,1000,,18802,Samsung
276976267,4060416641163,"Bạn đồng hành hoàn hảo hàng ngàyGalaxy Buds FE với thiết kế công thái học nhỏ gọn mang đến trải nghiệm nghe vượt trội. Loại bỏ những tạp âm không mong muốn nhờ công nghệ Chống ồn chủ động (ANC), ...",1690000,1990000,,300000,15,1,,available,,1000,1000,,18802,Samsung
277574339,2018136311966,"Mạnh mẽ, tinh tếCủ sạc nhanh mới với tính năng Sạc Siêu Nhanh 25W, dành cho thiết bị tương thích với cáp sạc USB Type-C.*Sạc siêu nhanh (SFC) là công nghệ sạc của Samsung dựa trên Power D...",160000,190000,,30000,16,0,,available,,1000,1000,,18802,Samsung
275496965,5888694784169,Mang cả thế giới sách theo bạnTrải nghiệm đọc thú vị hơn với màn hình màu sinh độngThư viện sách di động cho trải nghiệm đọc không giới hạnDễ dàng cài đặt các ứng dụng để đọc onlineCầm nắm thoải...,7200000,8590000,,1390000,16,10,,available,,1000,1000,,183637,Onyx Boox
275492145,4137692224771,"Tận hưởng mọi chuyến đi Sử dụng thoải mái Boox Go 10.3 ở bất cứ nơi đâu bạn đến. Nhẹ hơn, tối giản hơn 4,6mmMỏng hơn với nhiều tính năng hơn 375gDễ dàng mang theo khắp mọi nơi Trải nghiệm nh...",10870000,14390000,,3520000,24,7,,available,,1000,1000,,183637,Onyx Boox
275386465,3021217119438,"Điện Thoại Oppo A38 6GB/128GB - Hàng Chính HãngBộ sản phẩm bao gồm: Thân máy, sạc, cáp USB, dụng cụ lấy sim, vỏ bảo vệ, sách hướng dẫn.Nâng cao trải nghiệm với màn hình lớn- Trang bị cho điện thoạ...",3659000,4990000,,1331000,27,0,,available,,1000,1000,,25643,OPPO
275362333,9214377550846," Màn hình: Super AMOLED 6.5"", Full HD+ (1080 x 2340 pixels) Hệ điều hành: Android 14 Camera sau: 50 MP + 5 MP + 2 MP Camera trước: 13 MP Chipset: MediaTek Dimensity 6100+ RAM: 6 G...",4139000,4690000,,551000,12,0,,available,,1000,1000,,18802,Samsung
274639765,5151458968009,"Thông số kỹ thuậtKích thước màn hình : 6.56 inchesCông nghệ màn hình : IPS LCDCamera chính: 13MP, f/2.2Camera trước : 5MP, f/2.2Chipset MediaTek : Dimensity 6020 8 nhânDung lượng : RAM 6 GBBộ n...",2799000,3690000,,891000,24,2,,available,,1000,1000,,25643,OPPO
274638430,5299031872576,"Thông số kỹ thuậtMàn hình:IPS LCD, 90Hz, 450 nits (typ), 600 nits (HBM)6.74 inches, HD+ (720 x 1600 pixels)Tỷ lệ 20:9; Mật độ điểm ảnh ~260 ppiCorning Gorilla GlassHệ điều hành:Android 13, M...",2629000,3590000,,961000,27,5,,available,,1000,1000,,25422,Xiaomi
274544634,4313143055173,"Thông số kỹ thuậtMàn hình:IPS LCD, 90Hz, 550 nits6.79 inches, Full HD+ (1080 x 2460 pixels)Tỷ lệ 20.5:9, mật độ điểm ảnh ~396 ppiHệ điều hành:Android 13, MIUI 14Camera sau:50 MP, f/1.8 ...",3099000,3590000,,491000,14,9,,available,,1000,1000,,25422,Xiaomi
274542883,9038724765213,"Điện Thoại Samsung A35 5G 8GB/128GB - Hàng Chính HãngBộ sản phẩm bao gồm: Thân máy, cáp sạc, dụng cụ lấy sim, sách hướng dẫn.Màn hình rộng rãi, chất lượng hình ảnh rực rỡ, sắc nét- Sở hữu màn hình...",6835000,8290000,,1455000,18,1,,available,,1000,1000,,18802,Samsung
274415640,2758565003586,"Điện Thoại Xiaomi Redmi Note 13 Pro 8GB/128GB - Hàng Chính HãngBộ sản phẩm bao gồm: Bộ sạc, cáp USB Type-C, dụng cụ tháo sim, ốp bảo vệ, hướng dẫn sử dụng.Màn hình lớn đi kèm tần số quét cao 120 Hz...",5959000,7290000,,1331000,18,1,,available,,1000,1000,,25422,Xiaomi
274191773,4124844928679,"Mô tả sản phẩm Điện thoại ZTE Libero 5G IV - 4GB/128GB Dimensity 700 , Kháng nước IP67 , Sạc nhanh 22,5W - Mới nguyên seal - Hàng nhập khẩuCấu hình chi tiết : Độ phân giải Full HD+ (1080 x 2400 ...",2399000,2990000,,591000,20,3,,available,,1000,1000,,162007,Tecno
273872197,7682058635833,"Máy Tính Bảng Samsung Galaxy Tab A9 Wifi 4GB/64GB - Hàng Chính HãngBộ sản phẩm bao gồm: Thân máy, cáp dữ liệu, tài liệu hướng dẫn sử dụng, dụng cụ lấy thẻ nhớ.Màn hình lớn kích thước 8.7 inch- Tra...",2689000,3990000,,1301000,33,6,,available,,1000,1000,,18802,Samsung
273668660,6108608732345,"Điện Thoại Oppo A18 4GB/64GB - Hàng Chính HãngBộ sản phẩm bao gồm: Thân máy, sạc, cáp USB, dụng cụ lấy sim, sách hướng dẫn, vỏ bảo vệ.Hiển thị chi tiết hình ảnh- Với màn hình IPS LCD rộng 6.56 inc...",2539000,3690000,,1151000,31,4,,available,,1000,1000,,25643,OPPO
273664463,5991700830577,"Điện Thoại Oppo A18 4GB/128GB - Hàng Chính HãngBộ sản phẩm bao gồm: Thân máy, sạc, cáp USB, dụng cụ lấy sim, sách hướng dẫn, vỏ bảo vệ.Màn hình lớn hiển thị tốt hơn- Với màn hình IPS LCD rộng 6.56...",2819000,3990000,,1171000,29,2,,available,,1000,1000,,25643,OPPO
273440662,3498866127593,"Cấu hình sản phẩm:Thẻ Sim:2 SIM, 1 esim +1 Nano SIM /5GMàn hình:6.79 inches, IPS LCD, 90Hz, 550 nitsĐộ phân giải:1080 x 2460 pixels (~396 ppi density)CPU: Qualcomm Snapdragon 4 Gen 2 (4 nm)RAM: 4GBBộ...",2899000,3599000,,700000,19,3,,available,,1000,1000,,25422,Xiaomi
272348047,3434612499156,"Điện Thoại Samsung A05s 4GB/128GB - Hàng Chính HãngBộ sản phẩm bao gồm: Thân máy, cáp dữ liệu, tài liệu hướng dẫn, dụng cụ lấy sim.Màn hình 6.7 inch lớn nhất dòng Galaxy A- Được trang bị màn hình ...",3049000,3990000,,941000,24,21,,available,,1000,1000,,18802,Samsung
271234313,2077602494115,"Điện Thoại Nokia 110 4G Pro - Hàng Chính HãngBộ sản phẩm bao gồm: Thân máy, pin, sạc micro USB, sách hướng dẫn sử dụng.Màn hình lớn hiển thị tốt- Màn hình kích 1.77 inch có độ phân giải QQVGA (12...",949000,949000,,0,0,4,,available,,1000,1000,,19673,Nokia
270794184,4699121670755,"Giới Thiệu Về Kobo ClaraKobo Clara máy đọc sách kích thước 6 inch, đủ lớn để đọc lâu dài và đủ nhỏ gọn của sự cơ động, mang đến những tính năng thường chỉ có trên các dòng máy cao cấp. Với thiết kế t...",5500000,5500000,,0,0,20,,available,,1000,1000,,183625,Kobo
270504848,8446533326959,Màn hình: IPS LCD 1.77''Danh bạ: 2000 sốCông nghệ Bluetooth v5.0Radio FM: FM không cần tai ngheJack cắm tai nghe: 3.5 mmMạng di động: Hỗ trợ 4GTính năng đặc biệt: Ghi âm cuộc gọi...,790000,899000,,109000,12,1,,available,,1000,1000,,19673,Nokia
263798932,8783986936143,"Công nghệ phần cứng hiện đạiĐược hỗ trợ bởi CPU lõi tám tiên tiến của Qualcomm và cấu hình nâng cấp với RAM 3 GB + ROM 32 GB, BOOX PAGE mang lại trải nghiệm liền mạch đến khó tin khi bạn đọc sách điệ...",6990000,7990000,,1000000,13,11,,available,,1000,1000,,183637,Onyx Boox
217505430,9371698901528,  ...,1890000,1890000,,0,0,3,,available,,1000,1000,,147856,Kindle
204237269,7051314090435,"Điện thoại chính hãng Panasonic KX-TSC11– Màn hình hiển thị số gọi đến, gọi đi.– Bộ nhớ 50 số điện thoại.– Nhớ 50 số gọi đến 10 số gọi đi.– Khoá đường dài, di động bằng mã.– Có các mức điều chỉnh...",600000,600000,,0,0,49,,available,,1000,1000,,18804,Panasonic
181977398,8069965040846,"- Màn hình LCD hiển thị số gọi đến.- Danh bạ 50 số, nhớ 20 số gọi đi.- 20 số gọi bằng 1 phím bấm.- 10 phím quay số nhanh.- Có Speaker phone 2 chiều.- Chức năng tự động gọi lại.- Chế độ câm tiếng...",1050000,1050000,,0,0,11,,available,,1000,1000,,18804,Panasonic
181928619,6795214532367,"Màn hình LCD 1.6” hiển thị rõ nét, đèn màn hình màu cam.- Danh bạ lưu 50 tên và số, chia sẻ danh bạ giữa các tay con- Hiển thị 50 số gọi đến- Nhớ 10 số gọi đi- 6 số gọi nhanh- Đàm thoại 3 bên- Loa ...",1080000,1080000,,0,0,15,,available,,1000,1000,,18804,Panasonic
181927736,5799675453563," Bộ nhớ: Danh bạ lưu 120 tên và số, Lưu 50 số gọi đến* ,Nhớ 10 số gọi đi - 9 số gọi nhanh- Màu sắc: đen- Cấu hình: cấu hình chuẩn : 2 tay 1 mẹ +1 con. Khả năng mở rộng t...",1850000,1850000,,0,0,6,,available,,1000,1000,,18804,Panasonic
181452535,9308072782108,Thắng thao mobile cam kết️Hàng chính hãng mới 100%️Bảo hành 12 tháng chính hãngTHÔNG SỐ KỸ THUẬT️Số khe SIM :2 Micro SIM️Bộ nhớ trong :128MB️Mạng di động : 4G️Độ phân giải camera:0.3MP️Vi xử lý:USM91...,599000,790000,,191000,24,31,,available,,1000,1000,,111684,Itel
164213695,3591297968151,"Màn hình LCD 1.4 inch hiển thị số gọi đến, đi rõ ràngDanh bạ lưu 50 tên và số giúp liên lạc dễ dàng Hỗ trợ 10 nhạc chuông tùy chọn âm thanh phù hợpChức năng gọi lại số gần nhất, nhanh nhất chỉ với...",830000,830000,,0,0,17,,available,,1000,1000,,18804,Panasonic
125182567,4604296397887,Amazon vừa chính thức ra mắt thế hệ tiếp theo của dòng máy đọc sách Kindle Paperwhite.Kindle Paperwhite 5 (hay Kindle Paperwhite 11th Gen) là phiên bản thay thế cho chiếc Kindle Paperwhite 4 đã ra ...,3850000,4990000,,1140000,23,407,,available,,1000,1000,,147856,Kindle
118100268,4525952187534,Điện thoại bàn Panasonic KX-TGB112CX được thiết kế đơn giản và thanh thoát nhưng rất sang trọng. Với màu đen truyền thống điện thoại Panasonic KX-TGB112CX sẽ làm cho căn phòng của bạn trở nên nổi bật ...,1235000,1235000,,0,0,0,,available,,1000,1000,,18804,Panasonic
23142193,3807251029548,"Dù với sự phát triển ngày càng mạnh mẽ và thông dụng của điện thoại di động, nhưng chiếc điện thoại bàn vẫn luôn gắn bó và có mặt trong mọi gia đình Việt. Điện thoài bàn ngày nay đã được cải tiến với ...",2350000,2350000,,0,0,3,,available,,1000,1000,,18804,Panasonic
11802138,6658117286400,         Normal  0          false  false  false    EN-US  ZH-CN  X-NONE                                                                        <w:LatentSt...,1299000,1299000,,0,0,12,,available,,1000,1000,,17825,HP
277512620,8254747076815,"Điện Thoại Samsung A36 5G 8GB/128GB - Hàng Chính HãngBộ sản phẩm bao gồm: Thân máy, cáp sạc, dụng cụ lấy sim, sách hướng dẫn.Màn hình Super AMOLED 6,7 inch ấn tượng- Trang bị màn hình kích thước 6...",7289000,8290000,,1001000,12,0,,available,,1000,1000,,18802,Samsung
277512611,5183767309218,"Điện Thoại Samsung A56 5G 8GB/128GB - Hàng Chính HãngBộ sản phẩm bao gồm: Thân máy, cáp sạc, dụng cụ lấy sim, sách hướng dẫn.Màn hình Amoled 120Hz ấn tượng- Sở hữu màn hình Super Amoled 6.7inch lớ...",8639000,9990000,,1351000,14,0,,available,,1000,1000,,18802,Samsung
277484785,7242433225786,"Màn hình: Full HD+, 6.9 inch, Quad HD+ Dynamic AMOLED 2X, 120Hz, 2600 nitsChipset: Qualcomm Snapdragon 8 EliteBluetooth: v5.4, Wi-Fi 7, NFC, USB Type-CCamera sau: 200 MP, khẩu độ f/1.7, hỗ trợ OIS...",28090000,33990000,,5900000,17,0,,available,,1000,1000,,18802,Samsung
277360579,8482964308721,"Điện Thoại Xiaomi Redmi 13 8GB/128GB - Hàng Chính HãngBộ sản phẩm bao gồm: Pin, sạc, cáp USB kiểu C, ốp lưng, hướng dẫn, cây tháo sim.Màn hình 90 Hz trải nghiệm mượt mà- Redmi 13 sở hữu màn hình I...",3359000,4690000,,1331000,28,0,,available,,1000,1000,,25422,Xiaomi
277360298,7356789589247,"Điện Thoại Realme Note 60x 3GB/64GB - Hàng Chính HãngBộ sản phẩm bao gồm: Thân máy, sạc, cáp USB, dụng cụ lấy sim, vỏ bảo vệ, sách hướng dẫn sử dụng.Sắc nét, mượt mà và dịu nhẹ cho đôi mắt- Trang ...",2219000,2690000,,471000,18,0,,available,,1000,1000,,247549,Realme
277356260,3658945071526,"Màn hình AMOLED 6,67”, FHD+, 120Hz, 1800nitsHệ điều hành: Xiaomi HyperOSBộ xử lý: Helio G99-Ultra (6nm)RAM: 6GB ; Bộ nhớ trong: 128GBCamera sau: 108MP (chính) + 2 MP (chiều sâu) + 2MP (macro)Cam...",4990000,4990000,,0,0,0,,available,,1000,1000,,25422,Xiaomi
277356193,2878718532286,"Màn hình AMOLED CrystalRes 6,67”, độ phân giải 1.5K, 120Hz, 3000nits, Kính Corning Gorilla Glass Victus 2Hệ điều hành: Xiaomi HyperOSBộ xử lý: Snapdragon 7s Gen 3 (6nm), RAM: 6GB ; Bộ nhớ trong: 25...",10990000,10990000,,0,0,0,,available,,1000,1000,,25422,Xiaomi
277175955,5672461364938,"Điện Thoại Xiaomi Redmi A3 3GB/64GB - Hàng Chính HãngBộ sản phẩm gồm: Thân máy, sạc, cáp USB C, hướng dẫn, cây tháo sim.Màn hình lớn hỗ trợ tần số quét 90 Hz- Trang bị màn hình IPS LCD với kích th...",1999000,2490000,,491000,20,0,,available,,1000,1000,,25422,Xiaomi
277174952,5938235557018,"Điện Thoại Xiaomi Redmi Note 14 Pro 8GB/256GB - Hàng Chính HãngBộ sản phẩm bao gồm: Bộ sạc, cáp USB Type-C, dụng cụ tháo sim, ốp bảo vệ, hướng dẫn sử dụng.Màn hình rõ nét, tần số quét cao- Sở hữu ...",6729000,7990000,,1261000,16,0,,available,,1000,1000,,25422,Xiaomi
277065642,8882299945728,"Galaxy S25+ - Cánh tay đắc lực AI- Now Brief: Đưa ra các đề xuất được cá nhân hoá dựa trên phân tích thông minh về lịch trình riêng, sở thích và mục tiêu cá nhân.- Seamless Actions across Apps: Ra câ...",22990000,26990000,,4000000,15,1,,available,,1000,1000,,18802,Samsung
277041303,2853162001832,"Điện Thoại Xiaomi 14T 5G 12GB/512GB - Hàng Chính HãngBộ sản phẩm bao gồm: Thân máy, cáp USB Type-C, dụng cụ tháo sim, ốp bảo vệ, hướng dẫn sử dụng.Màn hình rộng, sắc nét- Với màn hình 6.67inch và ...",11549000,13990000,,2441000,17,0,,available,,1000,1000,,25422,Xiaomi
276802409,6962137023984,"Màn hình: Super AMOLED 6.7 inch, FHD+, 90HzChipset: MediaTek Dimensity 6300(6nm)Bluetooth: 5.3Camera sau: 50 MP + 5 MP + 2 MPCamera trước: 13 MPRAM: 8GB Bộ nhớ trong: 128GBKháng nước và bụi IP...",5499000,6090000,,591000,10,0,,available,,1000,1000,,18802,Samsung
276500230,1878498067579,"Amazon Kindle Colorsoft Signature Edition (32 GB) – Có màn hình màu, đèn nền tự động điều chỉnh, sạc không dây và thời lượng pin dàiĐọc sách màu – Màn hình Kindle Colorsoft 7"" mới có độ tương phản c...",9390000,9990000,,600000,6,0,,available,,1000,1000,,147856,Kindle
276448920,1368275822110,"Amazon vừa ra mắt Kindle Paperwhite thế hệ thứ 12 mới ( Kindle Paperwhite 6 12th ). Kể từ khi ra mắt vào năm 2012, Kindle Paperwhite đã trở thành thiết bị Kindle bán chạy nhất của Amazon và Kindle Pa...",4890000,5150000,,260000,5,1,,available,,1000,1000,,147856,Kindle
276369646,2839559106979,"Màn hình: IPS LCD 6.88"", HD+, 120Hz, 600nitsHệ điều hành: Xiaomi HyperOSCamera sau: Camera chính 50 MP + Ống kính 5P, f/1,8 + Ống kính phụCamera trước: 13 MP, f/2.0Chipset: MediaTek He...",2889000,3290000,,401000,12,0,,available,,1000,1000,,25422,Xiaomi
275695395,8887952962132," Màn hình chính Dynamic AMOLED 2X 6.7"", 120Hz, FHD+, 2600nits ; Màn hình phụ Super AMOLED 3.4""Hệ điều hành: Android 14Camera sau: Chính 50 MP + 12 MPCamera trước: 10 MPChipset: Snapdragon 8 Ge...",28990000,28990000,,0,0,0,,available,,1000,1000,,18802,Samsung
275627388,1039410643603,"Điện Thoại Oppo A79 5G 8GB/256GB - Hàng Chính HãngBộ sản phẩm bao gồm: Thân máy, sạc, cáp USB, dụng cụ lấy sim, vỏ bảo vệ, sách hướng dẫn.Màn hình LTPS LCD cho màu sắc sống động- Được trang bị màn...",6129000,7490000,,1361000,18,0,,available,,1000,1000,,25643,OPPO
275407523,8593720988073,"Kỷ nguyên mới của sách điện tử màu!Màn hình E Ink màu 7”Màn hình màu an toàn cho mắt với kích thước 7 inch được trang bị công nghệ E Ink Kaleido 3 mới nhất, giúp cải thiện 50% độ phân giải hiển thị...",7090000,7500000,,410000,5,2,,available,,1000,1000,,4776729,Pocketbook
275335546,7687064031609,"Màn hình: TFT LCD 11"", (1200 x 1920 pixels)Hệ điều hành: Android 13Camera sau: 8MPCamera trước: 5MPChip xử lý: Snapdragon 695 8 nhânRAM: 4 GB /8 GBBộ nhớ trong: 64 GB /128 GBCổn...",5990000,5990000,,0,0,0,,available,,1000,1000,,18802,Samsung
275108186,6574077983253,Thông số kỹ thuật:THÂN MÁYKích thước (cao x ngang x dày):163.63 × 75.58 × 8.39mm (Nâu Mocha)163.63 × 75.58 × 8.53mm (Xanh Hải Lưu)Trọng lượng: 185gChất liệu: PolymerPhương thức mở khóa...,3590000,4190000,,600000,14,0,,available,,1000,1000,,52232,Vivo
274904904,2155552545751,"Màn hình: TFT LCD 8.7"", (800 x 1340 pixels)Hệ điều hành: Android 13Camera sau: 8MPCamera trước: 2MPChipset: MediaTek Helio G99 8 nhânRAM: 4GBBộ nhớ trong: 64 GBCổng kết nối/sạc...",2699000,3990000,,1291000,32,1,,available,,1000,1000,,18802,Samsung
274542808,3113814707504,"Điện Thoại Samsung A55 5G 8GB/128GB - Hàng Chính HãngBộ sản phẩm bao gồm: Thân máy, cáp sạc, dụng cụ lấy sim, sách hướng dẫn.Màn hình Super AMOLED sắc nét- Sở hữu màn hình 6.6 inch, FHD+, Super AM...",7969000,9990000,,2021000,20,0,,available,,1000,1000,,18802,Samsung
274392442,1669746107535,"Màn hình: IPS LCD 6.56"", HD+(720 x 1612 Pixels)Hệ điều hành: Android 13Camera sau: 50 MP + 2 MPCamera trước: 5 MPChipset: MediaTek Helio G85 8 nhânRAM: 4/6 GBBộ nhớ trong: 128 GB...",3699000,4990000,,1291000,26,0,,available,,1000,1000,,25643,OPPO
273990229,5271788065407,"Điện Thoại Xiaomi Redmi Note 13 6GB/128GB - Hàng Chính HãngBộ sản phẩm bao gồm: Pin, sạc, cáp USB kiểu C, ốp lưng, hướng dẫn, cây tháo sim.Màn hình hiển thị sắc nét, ấn tượng- Trang bị màn hình vớ...",3729000,4890000,,1161000,24,6,,available,,1000,1000,,25422,Xiaomi
273653444,6444530342740,Máy tính bảng Kindle Fire 13th – Cho Từng Trải Nghiệm Hoàn HảoMáy tính bảng Kindle Fire HD 13th là bản nâng cấp nhẹ của phiên bản năm Kindle Fire 2021 (thế hệ 11) với khá nhiều điểm nổi trội.Thiết k...,2590000,2590000,,0,0,0,,available,,1000,1000,,147856,Kindle
273559306,7948776540125,"Kindle Fire Max 11 – Tinh hoa hội tụKindle Fire Max 11 – Một thế hệ máy tính mới của Amazon vừa ra mắt vào tháng 6 năm 2023. Với màn hình lớn nhất và cấu hình mạnh nhất từ ​​trước đến nay, đây là một...",5290000,5590000,,300000,5,0,,available,,1000,1000,,147856,Kindle
273559020,7947353971950,Máy tính bảng Kindle Fire 13th – Cho Từng Trải Nghiệm Hoàn HảoMáy tính bảng Kindle Fire HD 13th là bản nâng cấp nhẹ của phiên bản năm Kindle Fire 2021 (thế hệ 11) với khá nhiều điểm nổi trội.Thiết k...,3350000,3990000,,640000,16,1,,available,,1000,1000,,147856,Kindle
272222033,1009596276042,"BOOX PALMAGiải phóng sức mạnh của Máy đọc sách di độngVỚI PALMAThiết bị máy đọc sách đầu tiên của Boox được thiết kế với kích thước bằng điện thoại, sử dụng màn hình E-ink với hiệu suất tiên tiến,...",7200000,8590000,,1390000,16,14,,available,,1000,1000,,183637,Onyx Boox
271362153,1176146850399,Amazon vừa chính thức ra mắt thế hệ tiếp theo của dòng máy đọc sách Kindle Paperwhite.Kindle Paperwhite 5 (hay Kindle Paperwhite 11th Gen) là phiên bản thay thế cho chiếc Kindle Paperwhite 4 đã ra ...,3850000,4290000,,440000,10,1,,available,,1000,1000,,147856,Kindle
271128271,5675887651728,"Điện Thoại Oppo A58 6GB/128GB - Hàng Chính HãngBộ sản phẩm bao gồm: Thân máy, sạc, cáp USB, dụng cụ lấy sim, vỏ bảo vệ, sách hướng dẫn.Màn hình sắc nét- Oppo A58 được trang bị trên tấm nền LTPS LC...",3839000,4990000,,1151000,23,7,,available,,1000,1000,,25643,OPPO
263675862,7010304085979,"Cấu hình Điện thoại OPPO A77 4G Màn hình: IPS LCD 6.56""Hệ điều hành: Android 12Camera sau: Chính 50 MP & Phụ 2 MPCamera trước: 8 MPChip: MediaTek Helio G35RAM: 4 GBDung lượng lưu trữ: 128 ...",3299000,4990000,,1691000,34,4,,available,,1000,1000,,25643,OPPO
262516014,3681856640082,"Được giới thiệu vào tháng 03/2023, Samsung Galaxy A34 5G là một lựa chọn đáng chú ý trong thị trường điện thoại Android tầm trung. Với kết nối 5G tiên tiến và hiệu suất đáng tin cậy, sản phẩm hứa hẹn ...",7164000,7164000,,0,0,1,,available,,1000,1000,,18802,Samsung
249178196,8349530145579,"Đặc điểm nổi bật thiết kế sang trọng, siêu mỏng nhẹ chỉ 199 gam phân giải Full HD+, hình ảnh hiển thị sống độngChip Dimensity 1080 mạnh mẽ, nghe gọi, xem phim, lướt web mượt màBộ 3 camera sau 48MP...",7164000,7164000,,0,0,0,,available,,1000,1000,,18802,Samsung
226946394,1992674110320,"Sản phẩm đầu tiên thuộc dòng basic có độ phân giải 300ppiMáy đọc sách New Kindle 11th 2022 (16GB) được nâng cấp với màn hình độ phân giải 300ppi (so với 167ppi) của đời trước, cổng kết nối USB-Type C...",3090000,3990000,,900000,23,2,,available,,1000,1000,,147856,Kindle
217640502,8360230896751,"Đọc và viết tự nhiên như khi làm trên giấyVới màn hình E-ink 10,2 inch, độ phân giải 300 ppi chống lóa. Kindle Scribe hoàn hảo để đọc và viết, ngay cả dưới ánh sáng mặt trời. Màn hình lớn cung cấp ch...",13250000,13990000,,740000,5,0,,available,,1000,1000,,147856,Kindle
217548686,7798540500930,"LƯU Ý VỀ BẢO HÀNH SẢN PHẨM:SẢN PHẨM BẢO HÀNH 12 THÁNG. TUY NHIÊN, BÚT ĐI KÈM KHÔNG ĐƯỢC BẢO HÀNH (SẢN PHẨM KHÔNG CÓ SERI IMEI QUẢN LÝ KHÔNG ĐƯỢC BẢO HÀNH). TRƯỜNG HỢP BÚT BỊ LỖI VUI LÒNG LIÊN HỆ TRỰC...",11500000,11500000,,0,0,1,,available,,1000,1000,,147856,Kindle
147969070,6793153411247,"Điện thoại Itel A26 được ra mắt vào ngày 22 tháng 9 năm 2021 sở hữu ngoại hình đẹp với cấu hình tốt với mức giá cực tốt, chạy trên hệ điều hành Android 10 (Go Edition) mượt mà.Ngoại hình được trau ...",2390000,2390000,,0,0,1,,available,,1000,1000,,111684,Itel
139632023,5335316283985," LIBRA 2:Mở bán ngày 20/10/2021, Libra 2 gây ""bão"" cộng đồng máy đọc và được mệnh danh là “đồ công nghệ đáng mua nhất năm 2021”. Doanh số kỷ lục trong phân khúc cao cấp khiến Techradar cập n...",8600000,8600000,,0,0,56,,available,,1000,1000,,183625,Kobo
118486668,1255690953268,"Cấu hình Kobo ElipsaMàn hìnhMàn hình 10.3"", công nghệ E Ink Carta 1200 Độ phân giải 1404 x 1872 (227 ppi) với Dark ModeBộ nhớ32 GBCPUChip 4 nhân * 1.8 GHzKết nốiWi Fi 802.11 ac/b/g/n...",12000000,12000000,,0,0,1,,available,,1000,1000,,183625,Kobo
11251770,7631504098021,"Dù với sự phát triển ngày càng mạnh mẽ và thông dụng của điện thoại di động, nhưng chiếc điện thoại bàn vẫn luôn gắn bó và có mặt trong mọi gia đình Việt. Điện thoài bàn ngày nay đã được cải tiến với ...",1430000,1430000,,0,0,0,,available,,1000,1000,,18804,Panasonic
277607297,1305275968678,"Là chiếc điện thoại giá rẻ với thiết kế mỏng nhẹ, bền bỉ và hiệu suất mạnh mẽ. Viên pin 5500 mAh, màn hình sắc nét và camera chất lượng giúp đáp ứng tốt nhu cầu giải trí và làm việc suốt ngày. Đây là ...",3050000,3050000,,0,0,0,,available,,1000,1000,,52232,Vivo
277499293,3673153546258,"Màn hình: Full HD+, 6.6 inch, Dynamic AMOLED, 120HzChipset: Exynos 1580Bluetooth: v5.3, Wi-Fi 6, NFC, USB Type-CCamera sau: 50 MP khẩu độ f/1.8, hỗ trợ OIS (chống rung quang học), Góc siêu rộng: 1...",8849000,9990000,,1141000,11,0,,available,,1000,1000,,18802,Samsung
277497325,8596061327423,"Màn hình: Full HD+, 6.9 inch, Quad HD+ Dynamic AMOLED 2X, 120Hz, 2600 nitsChipset: Qualcomm Snapdragon 8 EliteBluetooth: v5.4, Wi-Fi 7, NFC, USB Type-CCamera sau: 200 MP, khẩu độ f/1.7, hỗ trợ OIS...",31990000,37490000,,5500000,15,0,,available,,1000,1000,,18802,Samsung
277356031,5061328031197,"Màn hình: IPS LCD, 6.71"", HD+ (1650x720 pixels)Hệ điều hành: Android 14Camera sau: Chính 8 MP + 0.08 MPCamera trước: 5 MPChip: MediaTek Helio G36 8 nhânRAM: 3 GBBộ nhớ trong: 64 GB/ 128 GBCổng...",2699000,3290000,,591000,18,0,,available,,1000,1000,,25422,Xiaomi
277318417,7050185851906,"Màn hình: Full HD+, 6.7 inch, 120HzChipset: MediaTek Dimensity 7300-Energy 5G 8 nhânBluetooth: v5.4Camera sau: Chính 50 MP & Phụ 8 MP, 2 MPCamera trước: 32 MPRAM: 12GBBộ nhớ trong: 256GBKh...",9559000,12990000,,3431000,26,0,,available,,1000,1000,,25643,OPPO
277184964,3222686785204,"Điện Thoại Realme C75 8GB/256GB - Hàng Chính HãngBộ sản phẩm bao gồm: Thân máy, sạc, cáp USB, dụng cụ lấy sim, vỏ bảo vệ, sách hướng dẫn sử dụng.Màn hình IPS LCD rõ nét- Trang bị màn hình rộng 6.7...",6490000,6490000,,0,0,0,,available,,1000,1000,,247549,Realme
277164948,3246467584625,Updating...,590000,590000,,0,0,0,,available,,1000,1000,,18802,Samsung
277164944,1857103218204,Updating...,590000,590000,,0,0,0,,available,,1000,1000,,18802,Samsung
276944892,7171980622198,"Điện Thoại Samsung A06 4GB/64GB - Hàng Chính HãngBộ sản phẩm bao gồm: Thân máy, cáp dữ liệu, tài liệu hướng dẫn, dụng cụ lấy sim.Màn hình to rộng 6.7"". Trải nghiệm xem phim cực đã- Tối đa tầm nhìn...",2379000,3190000,,811000,25,1,,available,,1000,1000,,18802,Samsung
276944868,2234760955939,"Điện Thoại Samsung A16 4GB/128GB - Hàng Chính HãngBộ sản phẩm bao gồm: Thân máy, cáp dữ liệu, tài liệu hướng dẫn, dụng cụ lấy sim.Màn hình rộng, hiển thị sống động- Máy sở hữu màn hình Super AMOLE...",3615000,5090000,,1475000,29,0,,available,,1000,1000,,18802,Samsung
276639232,9449521560395,"Điện Thoại Samsung A16 5G 8GB/128GB - Hàng Chính HãngBộ sản phẩm bao gồm: Thân máy, cáp dữ liệu, tài liệu hướng dẫn, dụng cụ lấy sim.Hình ảnh sắc nét, chuyển động mượt mà- Trang bị màn hình lớn lê...",5289000,6090000,,801000,13,0,,available,,1000,1000,,18802,Samsung
276440892,5771895194270,...,4590000,4790000,,200000,4,0,,available,,1000,1000,,52232,Vivo
276281988,3707984577804,"Màn hình: PLS LCD 6.7"", HD+Hệ điều hành: AndroidCamera sau: 50 MP + 2 MPCamera trước: 8 MPChipset: MediaTek Helio G85RAM: 4 GB /6GBBộ nhớ trong: 64GB /128GBDung lượng pin: 5000...",2469000,3190000,,721000,23,1,,available,,1000,1000,,18802,Samsung
276274790,3785717075900,"Điện Thoại Samsung A06 4GB/128GB - Hàng Chính HãngBộ sản phẩm bao gồm: Thân máy, cáp dữ liệu, tài liệu hướng dẫn, dụng cụ lấy sim. Màn hình rộng lớn, trải nghiệm tối ưu- Màn hình 6.7 inch của Gala...",2489000,3490000,,1001000,29,1,,available,,1000,1000,,18802,Samsung
276246838,8459451256687,"Màn hình: QQVGA 2.4 inchThiết kế trẻ trung, đa dạng màu sắc, mặt lưng vân chống bám, cầm nắm dễ dàngBàn phím to, âm lượng lớn, giao diện trực quan, dễ sử dụng,Cuộc gọi chất lượng cao chuẩn HD VoLT...",650000,849000,,199000,23,2,,available,,1000,1000,,19673,Nokia
276074109,4815981168946,"Màn hình: IPS LCD 6.79"", 90HzHệ điều hành: Xiaomi HyperOSCamera sau: Chính 108 MP + Macro 2 MPCamera trước: 13 MPChipset: MediaTek Helio G91-UltraRAM: 6 GBBộ nhớ trong: 128 GBDung lượng pin: 5...",3569000,4290000,,721000,17,0,,available,,1000,1000,,25422,Xiaomi
276046675,8930195366205,"Điện Thoại Oppo A3 6GB/128GB - Hàng Chính HãngBộ sản phẩm bao gồm: Thân máy, sạc, cáp USB, dụng cụ lấy sim, vỏ bảo vệ, sách hướng dẫn.Màn hình sắc nét- Sở hữu màn hình IPS LCD kích thước 6.67 inch...",4119000,4990000,,871000,17,0,,available,,1000,1000,,25643,OPPO
275746497,3316807704338,"Màn hình: IPS LCD6.74""HD+Hệ điều hành: Android 13Camera sau: Chính 13 MP & Phụ 0.08 MPCamera trước: 5 MPChip: Unisoc Tiger T612RAM: 3GBBộ nhớ trong: 64GBPin, Sạc: 5000 mAh, 10 WCổng sạc: ...",2299000,2490000,,191000,8,0,,available,,1000,1000,,247549,Realme
275621214,6415302369859,"Điện Thoại Oppo Reno12 F 5G 8GB/256GB - Hàng Chính HãngBộ sản phẩm bao gồm: Thân máy, sạc, cáp USB, dụng cụ lấy sim, vỏ bảo vệ, sách hướng dẫn.Thiết kế mang vẻ đẹp thanh lịch- Với thiết kế siêu mỏ...",7679000,9490000,,1811000,19,0,,available,,1000,1000,,25643,OPPO
275589968,3901081293354,"Màn hình: LCD 2.4', thiết kế mang đậm nét cồ điềnDanh ba: 2000 sốSố khe SIM: 2 Nano SIM, nghe gọi chất lượng caoCông nghệ Bluetooth v5.0Jack cắm tai nghe: 3.5 mmMạng di động: Hỗ trợ 4GHỗ trợ th...",1599000,1690000,,91000,5,1,,available,,1000,1000,,19673,Nokia
275589387,6134901362734,"Màn hình: LCD 2.4""Danh bạ: 2000 sốSố khe SIM: 2 Nano SIMCông nghệ Bluetooth v5.0Jack cắm tai nghe: 3.5 mmMạng di động: Hỗ trợ 4GHỗ trợ thẻ nhớ ngoài: MicroSDCổng kết nối/sạc: Type CDung lượng...",990000,1299000,,309000,24,4,,available,,1000,1000,,19673,Nokia
275588494,9634983157012,"         Máy tính bảng cấu hình cực khỏe cho dân văn phòng sinh viên học sinh, cpu 4 nhân 2.0 ghz, ram 8gb, bộ nhớ 64gb. Cấu hình đủ khỏe để chạy các phần mềm nặng và chiến các thể loại game như l...",1750000,1750000,,0,0,0,,available,,1000,1000,,7826699,TEKKIN
274638556,8955620358825,- Bút phù hợp với dòng máy Kindle Scribe ...,2000000,2000000,,0,0,0,,available,,1000,1000,,147856,Kindle
274456687,7231239057337,"Màn hình: Super AMOLED 6.6"", Full HD+ (1080 x 2400 Pixels)Hệ điều hành: Android 14Camera sau: 50 MP+ 12 MP+2 MPCamera trước: 32 MPChipset: Exynos 1480 8 nhânRAM: 8 GBBộ nhớ trong...",8109000,9990000,,1881000,19,1,,available,,1000,1000,,18802,Samsung
274378214,1111857372584,"Màn hình AMOLED 6,78''cong 3D,Màn hình đục lỗĐộ phân giải: 2400 * 1080 FHD+ ,Công nghệ IncellBộ xử lý MediaTek Helio G99CPURAM 12GB,Rom 256GBCamera sau 108MP , Camera selfie 32MPPin lớn 5050mAh...",8970000,8970000,,0,0,0,,available,,1000,1000,,169013,Ulefone
274099409,1392882970251,"Điện Thoại Xiaomi Redmi Note 13 8GB/128GB - Hàng Chính HãngBộ sản phẩm bao gồm: Pin, sạc, cáp USB kiểu C, ốp lưng, hướng dẫn, cây tháo sim.Màn hình AMOLED sắc nét- Trang bị tấm nền AMOLED với độ p...",4099000,5290000,,1191000,23,1,,available,,1000,1000,,25422,Xiaomi
273610105,2832990576017,"Màn hìnhCông nghệ màn hình:PLS LCDĐộ phân giải:HD+ (720 x 1600 Pixels)Màn hình rộng:6.7"" - Tần số quét 60 HzĐộ sáng tối đa:576 nitsMặt kính cảm ứng:Kính cường lựcCamera sauĐộ phân giải:Chín...",2875000,2875000,,0,0,0,,available,,1000,1000,,18802,Samsung
273412211,6228995747765,"Thông số kỹ thuậtMàn hình 6.74 inch, IPS LCD, HD+, 720 x 1600 PixelsCamera sau 50.0 MP + 2.0 MPCamera Selfie 8.0 MPRAM 4GBBộ nhớ trong 128 GBCPU Helio G85GPU Mali-G52 MC2Dung lượng pin 5000 mA...",2799000,3290000,,491000,15,0,,available,,1000,1000,,25422,Xiaomi
272850971,1863617947680,"Cấu hình chi tiết : Độ phân giải Full HD+ (1080 x 2400 Pixels)Màn hình rộng 6.67 "" - Màn OLEDĐộ phân giải camera sau Chính 13 MP & Phụ 2 MP, 2 MPĐộ phân giải camera trước 8 MPHệ điều hành And...",2990000,2990000,,0,0,4,,available,,1000,1000,,162007,Tecno
272394241,7607552121077,"Đặc điểm nổi bật của Samsung Galaxy A05s 128GBSamsung Galaxy A05s là chiếc smartphone giá rẻ hiệu năng cao, sở hữu con chip Snapdragon 680 đầu tiên phân khúc, giúp người dùng tận hưởng trải nghiệm ...",3625000,3625000,,0,0,0,,available,,1000,1000,,18802,Samsung
272234493,3482812719743,"Điện thoại Samsung Galaxy M34 5G (8GB/128GB)Màn hình: Super AMOLED 6.5"", Full HD+ (1080 x 2340 Pixels)Hệ điều hành: Android 13Camera sau: 50 MP + 8 MP + 2 MPCamera trước: 13 MPChipset...",7990000,7990000,,0,0,2,,available,,1000,1000,,18802,Samsung
271954384,7889951910758,"Cấu hình Điện thoại OPPO A58 6GB Màn hình: LTPS LCD6.72"" Full HD+Hệ điều hành: Android 13Camera sau: Chính 50 MP & Phụ 2 MPCamera trước: 8 MPChip: MediaTek Helio G85RAM: 6 GBDung lượng lưu...",3999000,4990000,,991000,20,1,,available,,1000,1000,,25643,OPPO
271798615,6213116662198,"Màn hình 6.52 in, HD+720*1600Pin 10.600 mAhRam 15Gb(8GB+7Gb mở rộng),Rom 256GBHệ điều hành Android 13Camera sau 48MP,camera trước 5MPSử dụng 2 sim nano hoặc 1 sim nano,1 thẻ nhớBluetooth 5.0,GP...",5940000,5940000,,0,0,3,,available,,1000,1000,,112735,Oukitel
271730109,5704199107752,"Màn hình: 6,52 inch, 720 x 1600 HD+, 20:9, 269PPIAndroid 13CPU: MediaTek Helio G36 8 nhânRAM 12GB(6GB +6GB),Rom 64GB,thẻ nhớ 256GB (không bao gồm)Mở khóa: ID vân tay & Mở khóa bằng khuôn mặt...",4390000,4390000,,0,0,2,,available,,1000,1000,,169013,Ulefone
271530789,9122177442751,"LƯU Ý VỀ QUẢNG CÁO TRÊN KINDLE (MÀN HÌNH CHỜ/ẢNH BÌA).... (cập nhật tháng 10/2024)Thông thường bản Kids Edititon thường sẽ tự động cập nhật thành bản không có quảng cáo. Tuy nhiên, trong trường hợp b...",4990000,4990000,,0,0,3,,available,,1000,1000,,147856,Kindle
247427990,7661452681923,"LƯU Ý VỀ QUẢNG CÁO TRÊN KINDLE (MÀN HÌNH CHỜ/ẢNH BÌA).... (cập nhật tháng 10/2024)Thông thường bản Kids Edititon thường sẽ tự động cập nhật thành bản không có quảng cáo. Tuy nhiên, trong trường hợp b...",3150000,3150000,,0,0,3,,available,,1000,1000,,147856,Kindle
230203067,2026695524996,"Thông số kỹ thuậtMàn hình: Kích thước 6.5 inch, tấm nền LCD, độ phân giải Full HD+.CPU: Snapdragon 480 5G.RAM: 4 GB.Bộ nhớ trong: 64 GB.Dung lượng pin: 4.000 mAh, hỗ trợ sạc nhanh 18 W....",2799000,3699000,,900000,24,14,,available,,1000,1000,,25643,OPPO
217645692,6487670580863,Amazon vừa chính thức ra mắt thế hệ tiếp theo của dòng máy đọc sách Kindle Paperwhite.Kindle Paperwhite 5 (hay Kindle Paperwhite 11th Gen) là phiên bản thay thế cho chiếc Kindle Paperwhite 4 đã ra ...,4050000,4490000,,440000,10,5,,available,,1000,1000,,147856,Kindle
196197701,5331215465766,"Màn hình: 7.6"" Dynamic AMOLED 2X QXGA+ (2176 x 1812 Pixels), 6.2"" Dynamic AMOLED 2X HD+ (2316 x 904 Pixels)Hệ điều hành: Android 12Camera sau: 50 MP + 12 MP + 10 MPCamera trước: 10 MP + 4 MP...",40990000,40990000,,0,0,0,,available,,1000,1000,,18802,Samsung
193366048,2244198484504,BẢO HÀNH 12 THÁNG TẠI CÁC TTBH OnePlus TOÀN QUỐC [xem thông tin địa chỉ tại website bên dưới].30 NGÀY ĐỔI MỚI 1 - 1 nếu có lỗi từ nhà sản xuất tại các TTBH OnePlus Toàn quốc.HOT LINE HỖ TRỢ MIỄN PHÍ: ...,15990000,15990000,,0,0,0,,available,,1000,1000,,27468,OnePlus 
277553639,5896455061625,Điện thoại Samsung Galaxy A06 5G (4/128GB)Điện thoại 5G - Số 1 về giá trong Galaxy AThông số kỹ thuậtMàn Hình- Công nghệ màn hình: PLS LCD- Độ phân giải: 720 x 1600 (HD+)- Kích thước: 6.7 ...,3990000,3990000,,0,0,0,,available,,1000,1000,,18802,Samsung
277490201,5532238284079,"Màn hình: Full HD+, 6.64 inch, Super AMOLED, 120HzChipset: Qualcomm Snapdragon 6 Gen 3 (4 nm)Bluetooth: v5.3Camera sau: 50 MP, khẩu độ f/1.8, hỗ trợ PDAF và OIS, góc siêu rộng: 8 MP, khẩu độ f/2.2...",7559000,8290000,,731000,9,0,,available,,1000,1000,,18802,Samsung
277356569,2795033057678,"Màn hình IPS LCD 6.74"", HD+, 90HzHệ điều hành: Android 14Bộ xử lý: Chip UNISOC T612RAM: 4GBBộ nhớ trong: 128GBCamera sau: 32MP, f/1.8Camera trước: 5MPCổng sạc: Type CDung lượng pin: 5000mAh, ...",2729000,3390000,,661000,19,0,,available,,1000,1000,,247549,Realme
277170595,7441901785201,"Màn hình: AMOLED 6.67 inch, 1.5K, tần số quét 144Hz, độ sáng tối đa 4000nitsHệ điều hành: Xiaomi HyperOSBộ xử lý: MediaTek Dimensity 8300-UltraTính năng: Cảm biến vân tay dưới màn hình, Kháng nước...",11699000,12990000,,1291000,10,0,,available,,1000,1000,,25422,Xiaomi
277049062,4344561367291,"Điện Thoại Xiaomi Redmi Note 14 Pro+ 5G 8GB/256GB - Hàng Chính HãngBộ sản phẩm bao gồm: Pin, sạc, cáp USB kiểu C, ốp lưng, hướng dẫn, cây tháo sim.Màn hình sắc nét, hiển thị rõ- Trang bị màn hình ...",9489000,10990000,,1501000,14,0,,available,,1000,1000,,25422,Xiaomi
277041250,9860628491209,"Điện Thoại Xiaomi 14T Pro 5G 12GB/512GB - Hàng Chính HãngBộ sản phẩm bao gồm: Thân máy, cáp USB Type-C, dụng cụ tháo sim, ốp bảo vệ, hướng dẫn sử dụng.Chơi game, xem phim mượt- Trang bị màn hình A...",14549000,17990000,,3441000,19,0,,available,,1000,1000,,25422,Xiaomi
276745570,5266898792928,"Màn hinh: IPS LCD 6.88 inch, độ phân giải 1640*720, tần số quét 120Hz, 600nitsHệ điều hành: Xiaomi HyperOSChipset: MediaTek Helio G81-UltraRAM: 6GB /8GBBộ nhớ trong: 128GB /256GBCamera sau: Chín...",3099000,3390000,,291000,9,0,,available,,1000,1000,,25422,Xiaomi
276641263,3777378180340,"Màn hình: AMOLED 6.67 inch, 1.5K, tần số quét 144Hz, độ sáng tối đa 4000nitsHệ điều hành: Xiaomi HyperOSBộ xử lý: MediaTek Dimensity 9300+Tính năng: Cảm biến vân tay dưới màn hình, Kháng nước, khá...",17990000,17990000,,0,0,0,,available,,1000,1000,,25422,Xiaomi
276509102,3449429278906,"Màn hình: IPS LCD 10.1 inch, HD (800 x 1280 Pixels), chống ánh sáng xanhHệ điều hành: Android 11Camera sau: 5MP AFCamera trước: 2MPBộ xử lý: MediaTek MT8765WARAM: 3GBBộ nhớ trong: 32GBDung lượ...",1990000,1990000,,0,0,0,,available,,1000,1000,,112638,Masstel
276508788,2660640024631,"Tablet Giáo dục Masstel Kidzone - Hàng chính hãng - Tặng gói học NEXTA TIỂU HỌC + ICANKID + KHAN KIDSGiới hạn thời gian sử dụng, đảm bảo trẻ không bị nghiện máy tính bảngKidZone được tích hợp ứng...",1490000,1490000,,0,0,0,,available,,1000,1000,,8252318,JoyStar
276421931,3269558422264,"Màn hình: IPS LCD 6.71"", HD+, 90HzHệ điều hành: Android 14Camera sau: Chính 8MP + Ống kính 4PCamera trước: 5 MP, f/2.2Chipset: Unisoc T603RAM: 3 GBBộ nhớ trong: 64GBDung lượng pin: 5000 mAh, s...",2279000,2490000,,211000,8,0,,available,,1000,1000,,25422,Xiaomi
276314708,9520215797424,"Điện thoại Masstel izi 16 4GThiết kế nhỏ gọn, giao diện thân thiện, dễ dàng sử dụngBàn phím to, Loa to, FM không dây, Lịch âm tiện lợi, Đèn pin LED sángSố khe SIM: 2 nano SIMDanh bạ: 2000 sốMạng...",519000,629000,,110000,17,0,,available,,1000,1000,,112638,Masstel
276314665,7649745526615,"Màn hình: TFT LCD 1.77 inchThiết kế nhỏ gọn, khung nhựa chắc chắn, giao diện dễ dàng sử dụngBàn phím to, phông chữ to, đèn pin LED sáng, FM không dâySố khe SIM: 2 nano SIMDanh bạ: 2000 sốMạng di...",549000,629000,,80000,13,0,,available,,1000,1000,,112638,Masstel
276305472,1439501211951,THÂN MÁY:Kích thước (cao x ngang x dày)163.17 × 75.81 × 7.79 mm (Pha Lê Đen)163.17 × 75.81 × 7.95 mm (Kim Cương Xanh)Trọng lượng : 186g (Pha Lê Đen)Chất liệu: PolymerPhương thức mở khóa: Vân t...,6490000,7690000,,1200000,16,0,,available,,1000,1000,,52232,Vivo
275386649,5330776819892,"Điện Thoại Nokia 3210 4G - Hàng Chính HãngBộ sản phẩm bao gồm: Thân máy, sạc, cáp sạc, sách hướng dẫn.Nét mới mẻ trong phong cách của Nokia 3210 4G phiên bản 2024 nằm ở các tùy chọn màu chủ đạo hiệ...",1679000,1790000,,111000,6,1,,available,,1000,1000,,19673,Nokia
275295006,8860825626725,"       Các tính năng:   1. Tải xuống hàng trăm ứng dụng giáo dục sẽ hỗ trợ việc học Khoa học Toán học, đọc lịch sử và hơn thế nữa của con bạn, Hãy sở hữu cho con bạn chiếc máy tính bảng này vì nó...",1599000,1599000,,0,0,2,,available,,1000,1000,,7826699,TEKKIN
274524050,9452928257606,"Thắng Thao Mobile cam kết Máy chuẩn 4G không lo cắt sóng 2G Hàng chính hãng mới 100% Bảo hành 12 tháng ở tất cả trung tâm Masstel toàn quốc Cấu hình sản phẩmMàn hình: 2.4 inch, QVGA, 320 x 240 P...",499000,559000,,60000,11,3,,available,,1000,1000,,112638,Masstel
274516951,4325086861682,Thắng thao mobile cam kếtHàng chính hãng mới 100%Bảo hành 12 tháng ở tất cả trung tâm masstel toàn quốcMáy chuẩn 4G không lo cắt sóng 2G Cấu hình sản phẩmMàn hình 1.7inchPin 1000mAhPhông...,459000,569000,,110000,19,1,,available,,1000,1000,,112638,Masstel
274456447,1717468942067,"Màn hình: Super AMOLED 6.6"", Full HD+ (1080 x 2340 Pixels)Hệ điều hành: Android 14Camera sau: 50 MP + 8 MP + 5 MPCamera trước: 13 MPChipset: Exynos 1380RAM: 8 GBBộ nhớ trong: 128...",6979000,8290000,,1311000,16,0,,available,,1000,1000,,18802,Samsung
274405521,2764410293207,"Điện Thoại Samsung A05 4GB/64GB - Hàng Chính HãngBộ sản phẩm bao gồm: Thân máy, cáp dữ liệu, tài liệu hướng dẫn, dụng cụ lấy sim.Trang bị màn hình kích thước lớn-Trang bị công nghệ PLS LCD với kíc...",2359000,2990000,,631000,21,4,,available,,1000,1000,,18802,Samsung
274019962,9414723020213,Thắng Thao Mobile cam kếtMáy chuẩn 4G không lo cắt sóng 2GHàng chính hãng mới 100%Bảo hành 12 thángMasstel Fami 8 4G là chiếc điện thoại cơ bản cực kỳ phù hợp dành cho các bậc phụ huynh khi sở hữu th...,539000,669000,,130000,19,2,,available,,1000,1000,,112638,Masstel
273636845,8050596986979,"Màn hìnhCông nghệ màn hình:PLS LCDĐộ phân giải:HD+ (720 x 1600 Pixels)Màn hình rộng:6.7"" - Tần số quét 60 HzĐộ sáng tối đa:576 nitsMặt kính cảm ứng:Kính cường lựcCamera sauĐộ phân giải:Chín...",2875000,2875000,,0,0,0,,available,,1000,1000,,18802,Samsung
273553649,6210921483673,"Màn hình: IPS LCD 6.56"", HD+ (720 x 1612 Pixels)Hệ điều hành: Android 13Camera sau: Chính 8 MP, Phụ 2 MPCamera trước: 5 MPChipset: MediaTek Helio G85 8 nhânRAM: 4 GBBộ nhớ trong: ...",3179000,3990000,,811000,20,0,,available,,1000,1000,,25643,OPPO
273373420,7050742350481,Thông số kỹ thuậtKích thước màn hình 6.74 inchesCông nghệ màn hình IPS LCDCamera sau Chính 50 MP & Phụ 2 MPCamera trước 8 MPChipset MediaTek Helio G85 8 nhânDung lượng RAM 4 GBBộ nhớ trong ...,2799000,3090000,,291000,9,2,,available,,1000,1000,,25422,Xiaomi
273360836,1149314297665,"Màn hình giọt nước 6,58 inch, LCD công nghệ IPS20:9,1080 x 2408 FHD+401 ppiCPU MediaTek Helio G96Pin 6600mAh,Cổng USB Type-C,sạc nhanh 33WChống tia nước, nước và bụi Xếp hạng theo tiêu chuẩn IEC ...",5990000,5990000,,0,0,0,,available,,1000,1000,,169013,Ulefone
273258825,9616299554457, ...,3625000,3625000,,0,0,0,,available,,1000,1000,,18802,Samsung
273227290,8004137347297,"Đọc và viết tự nhiên như khi làm trên giấyVới màn hình E-ink 10,2 inch, độ phân giải 300 ppi chống lóa. Kindle Scribe hoàn hảo để đọc và viết, ngay cả dưới ánh sáng mặt trời. Màn hình lớn cung c...",12990000,12990000,,0,0,0,,available,,1000,1000,,147856,Kindle
273186334,1786317839145," là nhà sản xuất nổi tiếng với những chiếc  chất lượng trong mọi phân khúc từ tầm trung cho đến cao cấp. Mới đây, thương hiệu đã giới thiệu mẫu điện thoại Samsung Galaxy A05S. Thiết bị này có cấu hình...",3625000,3625000,,0,0,0,,available,,1000,1000,,18802,Samsung
272328188,5461245831364,"Điện Thoại Samsung A05 4GB/128GB - Hàng Chính HãngBộ sản phẩm bao gồm: Thân máy, cáp dữ liệu, tài liệu hướng dẫn, dụng cụ lấy sim.Màn hình lớn- Được trang bị màn hình với kích thước 6.7 Inch Kết h...",3037000,3037000,,0,0,0,,available,,1000,1000,,18802,Samsung
272273680,7151197509141,"Thông số kỹ thuậtMàn hình6.7 inch, PLS LCD, FHD+, 1080 x 2400 PixelsCamera sau50.0 MP + 2.0 MP + 2.0 MPCamera Selfie13.0 MPRAM4 GBBộ nhớ trong128 GBCPUSnapdragon 680Dung l...",2990000,3990000,,1000000,25,0,,available,,1000,1000,,18802,Samsung
271467653,2446167505131,"Thông số kỹ thuậtMàn hình6.73 inch, IPS LCD, HD, 720 x 1600 PixelsCamera sau50.0 MPCamera Selfie5.0 MPRAM4 GBBộ nhớ trong128 GBCPUUnisoc T612GPUMali-G57Dung lượng pin...",2990000,3990000,,1000000,25,1,,available,,1000,1000,,247549,Realme
271235147,2540743512447,"Điện thoại Oppo A58 (6GB/128GB)Màn hình: IPS LCD 6.72"", Full HD+ (1080 x 2400 Pixels)Hệ điều hành: Android 13Camera sau: 50 MP,F/1.8 (chính) + 2 MP, F/2.4 (Xóa phông)Camera trước: 8 MP, F/2.0Chi...",3889000,4990000,,1101000,22,0,,available,,1000,1000,,25643,OPPO
262908601,5149165813197,"Chống nước,chống va đậpMàn hình 8“HD+,1200*800CPU--MTK Helio P22, HĐH-Android 12Android 12Pin 5150mAhRAM  4GB , ROM 64GB,Sử dụng 2 sim hoặc 1 sim,1thẻ nhớBluetooth 5.0, Bluetooth HID, GPS+Glona...",4990000,4990000,,0,0,0,,available,,1000,1000,,112735,Oukitel
251448280,9745613581547,Samsung Galaxy A34 5G là mẫu điện thoại thông minh tầm trung mới của Samsung dự kiến sẽ được ra mắt vào tháng 03/2023. Thiết bị hứa hẹn sẽ cung cấp kết nối 5G hiện đại và một hiệu suất ổn định để mang...,7164000,7164000,,0,0,0,,available,,1000,1000,,18802,Samsung
251407092,2083780370205,"Thiết kế hiện đại, thanh lịchĐiện thoại Galaxy A34 5G sở hữu thiết kế khác hoàn toàn so với thế hệ tiền nhiệm Galaxy A33 5G 128GB. Vẻ ngoài của chiếc điện thoại mới này khá giống với Galaxy S23 5G 25...",7164000,7164000,,0,0,0,,available,,1000,1000,,18802,Samsung
249143473,3233628661722,"Được giới thiệu vào tháng 03/2023, Samsung Galaxy A34 5G 128GB là một lựa chọn đáng chú ý trong thị trường điện thoại Android tầm trung. Với kết nối 5G tiên tiến và hiệu suất đáng tin cậy, sản phẩm hứ...",7164000,7164000,,0,0,0,,available,,1000,1000,,18802,Samsung
248005118,9958323284837,"Hiển thị sống động ngay cả khi sử dụng ngoài trờiVới độ sáng 1000 nits, màn hình Super AMOLED của Galaxy A34 5G cho khung hình hiển thị sáng rõ ngay cả ngoài trời nắng. Màn hình lớn 6,6 inch cùng t...",7164000,7164000,,0,0,1,,available,,1000,1000,,18802,Samsung
221518066,3989665564397, ...,6722100,6722100,,0,0,0,,available,,1000,1000,,147856,Kindle
176909016,7078791113052,"THÔNG SỐ KỸ THUẬT:Hệ điều hành: Android 11Chip xử lý (CPU): Quad Core 2.0GhzRAM: 4GB DDRROM: 32GSIM 4G-LTE, Wi-FiKích thước màn hình: 10.1”Dung lượng Pin: 5.000 mAhCamera: 5+2MPBẢO HÀNH: Máy tính bản...",3300000,3300000,,0,0,0,,available,,1000,1000,,281391,HANET
91281318,1417706155548,   ...,9090000,9090000,,0,0,2,,available,,1000,1000,,419263,Likebook
277360073,8903043784570,"Điện Thoại Realme C60 4GB/64GB - Hàng Chính HãngBộ sản phẩm bao gồm: Thân máy, sạc, cáp USB, dụng cụ lấy sim, vỏ bảo vệ, sách hướng dẫn sử dụng.Màn hình lớn có tần số quét 90 Hz- Sở hữu màn hình k...",2489000,2790000,,301000,11,0,,available,,1000,1000,,247549,Realme
277357126,3285840244245,"Điện Thoại Realme Note 50 4GB/128GB - Hàng Chính HãngBộ sản phẩm bao gồm: Thân máy, sạc, cáp USB, dụng cụ lấy sim, vỏ bảo vệ, sách hướng dẫn sử dụng.Màn hình lớn cho trải nghiệm sống động- Trang b...",2469000,2890000,,421000,15,0,,available,,1000,1000,,247549,Realme
277356914,8936603762380,"Điện Thoại Realme Note 60 4GB/128GB - Hàng Chính HãngBộ sản phẩm bao gồm: Thân máy, sạc, cáp USB, dụng cụ lấy sim, vỏ bảo vệ, sách hướng dẫn sử dụng.Màn hình sắc nét, sống động- Sở hữu màn hình IP...",2619000,3390000,,771000,23,0,,available,,1000,1000,,247549,Realme
277175972,4876174046034,"Điện Thoại Oppo A3x 4GB/64GB - Hàng Chính HãngBộ sản phẩm bao gồm: Thân máy, sạc, cáp USB, dụng cụ lấy sim, vỏ bảo vệ, sách hướng dẫn.Màn hình sắc nét- Oppo A3x có màn hình 6.67 inch với tấm nền I...",3099000,3490000,,391000,11,0,,available,,1000,1000,,25643,OPPO
276945332,1495554426736,"Điện Thoại Xiaomi POCO C75 6GB/128GB - Hàng Chính HãngBộ sản phẩm bao gồm: Thân máy, sạc, cáp USB, dụng cụ lấy sim, sách hướng dẫn sử dụng.Màn hình kích thước lớn- POCO C75 trang bị màn hình lớn v...",2839000,3390000,,551000,16,0,,available,,1000,1000,,25422,Xiaomi
276233228,8588238858138,MÁY TÍNH BẢNG BẢO VỆ MẮT JOYSTAR J10 I. TỔNG QUAN VỀ SẢN PHẨM1. Tên sản phẩm: Máy tính bảng bảo vệ mắt Joystar J102. Thương hiệu: Joystar (thuộc Công ty CP Masscom Việt Nam)3. Đối tượng sử dụng: ...,3490000,3490000,,0,0,0,,available,,1000,1000,,8252318,JoyStar
276150016,6817922800738,Tính năng nổi bậtCông suất hỗ trợ lên đến 100WTrang bị 4 cổng sạc nhanh : Type C x 2 + USB x2 Hỗ trợ sạc nhanh cả 2 chiều input + outputThiết kế mỏng nhẹTrang bị man hình LED hiện thị thông ti...,1884000,1884000,,0,0,0,,available,,1000,1000,,21651,Baseus
276146399,2973598704667,"Giới thiệu Tai Nghe Chụp Tai Không Dây Baseus Bowie H1 Pro ANC (Bluetooth v5.3, Hi-Res Audio, 80H,-48dB Noise-Cancellation, LHDC)Tai Nghe Chụp Tai Không Dây Baseus Bowie H1 Pro ANC là một sản phẩm ta...",1506000,1506000,,0,0,0,,available,,1000,1000,,21651,Baseus
276123744,8460469243794,"Giới thiệu Bộ Sạc Nhanh Baseus PowerCombo Cube Power Strip 3AC+2U+2C 30W 1.5mBaseus PowerCombo Cube Power Strip không chỉ là một chiếc ổ cắm thông thường, mà còn là giải pháp đa năng cho nhu cầu sạc ...",749000,749000,,0,0,1,,available,,1000,1000,,21651,Baseus
276062770,5271042371517,"Điện Thoại Xiaomi Redmi 14C 4GB/128GB - Hàng Chính HãngBộ sản phẩm bao gồm: Pin, sạc, cáp USB kiểu C,ốp lưng, hướng dẫn, cây tháo sim.Màn hình lớn, hiển thị sống động- Redmi 14C được trang bị màn ...",2669000,3290000,,621000,19,0,,available,,1000,1000,,25422,Xiaomi
275919759,3561008284374,"         Máy tính bảng cấu hình cực khỏe cho dân văn phòng sinh viên học sinh bản 2 sim 2 sóng 4G nghe gọi, cpu 8 nhân, ram 12gb, bộ nhớ 128gb. Chiến được các game như liên quân, pubg, tốc chiến b...",2599000,2599000,,0,0,0,,available,,1000,1000,,7826699,TEKKIN
275621450,6871053576906,"Điện Thoại Xiaomi Redmi 13C 4GB/128GB - Hàng Chính HãngBộ sản phẩm bao gồm: Pin, sạc, cáp USB kiểu C, hướng dẫn, cây tháo sim.Màn hình kích thước lớn- Xiaomi Redmi 13C được trang bị công nghệ màn ...",2699000,3090000,,391000,13,0,,available,,1000,1000,,25422,Xiaomi
275386982,7002651042330,"Điện Thoại Nokia 220 4G - Hàng Chính HãngBộ sản phẩm bao gồm: Thân máy, pin, sạc liền cáp TypeC, sách hướng dẫn sử dụng.- Nokia 220 4G là chiếc điện thoại phổ thông có một thiết kế bền bỉ, nhẹ nhàn...",1089000,1190000,,101000,8,2,,available,,1000,1000,,19673,Nokia
275295008,5327979695810,"       Các tính năng:   1. Tải xuống hàng trăm ứng dụng giáo dục sẽ hỗ trợ việc học Khoa học Toán học, đọc lịch sử và hơn thế nữa của con bạn, Hãy sở hữu cho con bạn chiếc máy tính bảng này vì nó...",999000,999000,,0,0,2,,available,,1000,1000,,7826699,TEKKIN
274869053,9779649671848,"Điện thoại  Panasonic KXTS500Điện thoại bàn Panasonic KX- TS500 được thiết kế trông rất đơn giản, nhỏ gọn . Với các màu sắc là màu trắng, đen,đỏ, xám,xanh tím than để bạn lựa chọnĐiện thoại Panaso...",326900,326900,,0,0,0,,available,,1000,1000,,18804,Panasonic
274560616,7387921232466,"MÁY TÍNH BẢNG NEXTA EDUTAB KID GIẢI PHÁP HỌC TẬP - QUẢN LÝ THỜI GIAN DÀNH CHO TRẺ TỪ 5 - 8 TUỔIMáy tính bảng Nexta Edutab Kid giải pháp giáo dục thông minh, đồng bộ mang đến không gian học tập thú vị...",3990000,3990000,,0,0,3,,available,,1000,1000,,5402475,Nexta
274364026,5201193783658,MÁY TÍNH BẢNG HỌC TẬP THÔNG MINH NEXTA EDUTAB PRO CHO TRẺ 9-12 TUỔI - GIẢI PHÁP HỌC TẬP - QUẢN LÝ THỜI GIAN DÀNH CHO TRẺMáy tính bảng Nexta Edutab Pro được thiết kế dành riêng để con có được không gi...,6490000,6490000,,0,0,0,,available,,1000,1000,,5402475,Nexta
274361820,6721203344981,Giai đoạn tiền tiểu học và tiểu học của con là thời điểm bé học thụ động và rất cần ba mẹ hỗ trợ đồng hành cùng. Hiểu được nỗi lo của các bậc phụ huynh có con ở độ tuổi này và không có thời gian dạy c...,7900000,7900000,,0,0,0,,available,,1000,1000,,5402475,Nexta
274257669,4483255580669,"Thắng Thao Mobile cam kếtMáy chuẩn 4G không lo cắt sóng 2GHàng chính hãng mới 100%Bảo hành 12 thángTÍNH NĂNG NỔI BẬTMasstel IZI S1 4G, một chiếc điện thoại phổ thông sở hữu thiết kế cơ bản, bền bỉ c...",459000,569000,,110000,19,1,,available,,1000,1000,,112638,Masstel
273438724,1205013920101,"Thông số kỹ thuậtMàn hình6.7 inch, PLS LCD, FHD+, 1080 x 2400 PixelsCamera sau50.0 MP + 2.0 MP + 2.0 MPCamera Selfie13.0 MPRAM4 GBBộ nhớ trong128 GBCPUSnapdragon 680Dung l...",2990000,3990000,,1000000,25,0,,available,,1000,1000,,18802,Samsung
273430216,8591348994256,"Màn hình đục lỗ 6,81 inch , Độ phân giải: 1080 x 2400 FHD +Bộ xử lý MediaTek Helio G95, CPU: MediaTek MT6785Kiến trúc CPU: 2xCortex-A76 + 6xCortex-A55, quy trình 12nmTần số CPU: Octa Core, lên đến...",8980000,8980000,,0,0,0,,available,,1000,1000,,169013,Ulefone
273366296,3730815651709,"Kích thước màn hình 6,78 inchĐộ phân giải màn hình 1080 x 2460 FHD+,PPI 396CPU MediaTek Helio G96,Tần số chính 2.05GHzPin Li-polymer 22000mAh,sạc nhanh 66W, 11V/6ALoại C, USB 2.0 , Giắc cắm tai ng...",7990000,7990000,,0,0,0,,available,,1000,1000,,169013,Ulefone
273185467,5127435436206,"ĐẶC ĐIỂM NỔI BẬT - Thoả sức chìm đắm trong không gian giải trí sống động - Màn hình lớn 6.7"""" IPS hiển thị sắc nétVận hành tác vụ mượt mà như mong đợi - Trải nghiệm chơi game tương đối tốt với chi...",3037000,3037000,,0,0,0,,available,,1000,1000,,18802,Samsung
272392928,3724062273847,"Đặc điểm nổi bật của Samsung Galaxy A05 128GBTận hưởng những công nghệ mới ở tầm giá phải chăng cùng Galaxy A05. Từ diện mạo trẻ trung, năng động đến màn hình rộng lớn 6.7 inch, bộ đôi camera 50MP ...",3037000,3037000,,0,0,0,,available,,1000,1000,,18802,Samsung
252884859,4144563980985,Panasonic TGDA30 (mở rộng cho các máy DECT Phone : TGC210; TGC212; TGC310; TGC312; TGC313; TGD310; TGD312; TGF310;TGF320)Chú ý : Không sử dụng được khi không có máy mẹ như trênQuý khách không kết ...,990000,990000,,0,0,1,,available,,1000,1000,,18804,Panasonic
249782771,9173713949009,"Xelex Gama Tab X8 EDU là một thiết bị “tất cả trong một”, hoạt động với năng suất cao và là một công cụ giải trí đa phương tiện mạnh mẽ. Ngoài ra, Xelex Gama Tab X8 còn là người bạn đồng hành tốt nhất...",2890000,2890000,,0,0,0,,available,,1000,1000,,8173499,XELEX
249169833,9420216321004,"Đặc điểm nổi bật thiết kế sang trọng, siêu mỏng nhẹ chỉ 199 gam phân giải Full HD+, hình ảnh hiển thị sống độngChip Dimensity 1080 mạnh mẽ, nghe gọi, xem phim, lướt web mượt màBộ 3 camera sau 48MP...",7164000,7164000,,0,0,0,,available,,1000,1000,,18802,Samsung
248762051,4989180093114,"Điện Thoại Samsung A34 5G 8GB/128GB - Hàng Chính HãngBộ sản phẩm bao gồm: Thân máy, cáp sạc, dụng cụ lấy sim, sách hướng dẫn. Màn hình hiển thị tươi mới, rực rỡ- Được trang bị màn hình Super Amole...",7164000,7164000,,0,0,0,,available,,1000,1000,,18802,Samsung
247730209,4248112816958,...,7164000,7164000,,0,0,0,,available,,1000,1000,,18802,Samsung
226552005,5087831143894,"– Nhớ 50 số gọi đến 10 số gọi đi.– Khoá đường dài, di động bằng mã._ Hiển thị số gọi đến, gọi đi  Bảo hành 12 tháng chính hãngGiá bán đã bao gồm xuất hoá đơn 10% VAT Lưu ý: Điện thoại khô...",600000,600000,,0,0,23,,available,,1000,1000,,18804,Panasonic
217505504,6842181537864,...,2490000,2490000,,0,0,1,,available,,1000,1000,,147856,Kindle
217276360,7421693315981,"Thắng Thao Mobile cam kếtMáy chuẩn 4G không lo cắt sóng 2GHàng chính hãng mới 100%Bảo hành 12 thángCấu hình Điện thoại Mobell F209Màn hình: TFT LCD 2"" 262.000 màuSIM: 2 Nano SIM Hỗ trợ 4G VoLTEDa...",649000,769000,,120000,16,3,,available,,1000,1000,,22017,Mobell
188030974,6509906931474,"bạn phải đậy thật kỹ nút sạc ,khe sim khi sử để đi mưa,rớt nướước không vô máy được, tuyệt đối không ngâm vào thùng đá vì hơi nước sẻ hình thành bên trong máMáy tính bảng chắc chắn ,chống sốc ,chống ...",6990000,6990000,,0,0,0,,available,,1000,1000,,112735,Oukitel
181928208,9218732089500,- Màn hình LCD 1.6” hiển thị rõ nét.- Danh bạ lưu 50 tên và số- Hiển thị số gọi đến*- Nhớ 10 số gọi đi- 6 phím gọi nhanh- Đàm thoại 3 bên- Loa ngoài hai chiều- Khả năng kết nói với repeater mở rộng ph...,1050000,1050000,,0,0,7,,available,,1000,1000,,18804,Panasonic
181927774,6559785733866,- Bộ nhớ: Danh bạ lưu 120 tên và sốLưu 50 số gọi đếnNhớ 10 số gọi đi - 9 số gọi nhanh- Cấu hình chuẩn : 1 tay. Khả năng mở rộng tối đa tới 6 tay conKhả năng kết nô...,1190000,1190000,,0,0,8,,available,,1000,1000,,18804,Panasonic
173789184,3981361426341,"TC 990 : Chuyên treo tường, có thể để bàn Phù hợp sử dụng trong phòng bếp, phòng tắm,cầu thangCó thể sử dụng thử đường lineBảo hành 12 tháng chính hãngGiá bán đã có Vat...",250000,250000,,0,0,7,,available,,1000,1000,,216771,Uniden
173387789,3214054442334,"Độ phân giải màn hình cực caoMáy đọc sách All New Kindle Oasis 3 với màn hình 7 inch và mật độ ảnh 300 ppi, văn bản hiển thị trên thiết bị với chất lượng sắc nét, đọc như giấy thật ngay cả trong ánh ...",7500000,7500000,,0,0,4,,available,,1000,1000,,147856,Kindle
170727305,1631118990384," Màn hình LCD hiển thị rõ ràng và dễ đọc.- Hiển thị số điện thoại gọi đến, gọi đi.- Nhớ năm mươi số gọi đến, hai mươi số gọi đi.- Danh bạ nhớ năm mươi số điện thoại.- Speaker phone hai chiều.- Bà...",999000,999000,,0,0,0,,available,,1000,1000,,18804,Panasonic
118139108,9811332894604,"Điện thoại bàn Panasonic KX-TGF310CXLưu 50 tên danh bạ và sốMáy Điện thoại Dect phone kết nối tay con  KXTGF310 gồm 1 Điện thoại mẹ có thể lưu 50 tên danh bạ và số,phục vụ các cuộc gọi được thuận tiệ...",2299000,2299000,,0,0,5,,available,,1000,1000,,18804,Panasonic
43924153,1096925155627,"Độ phân giải màn hình cực caoMáy đọc sách Kindle Oasis 32G với màn hình 7 inch và mật độ ảnh 300 ppi, văn bản hiển thị trên thiết bị với chất lượng sắc nét, đọc như giấy thật ngay cả trong ánh sáng m...",6690000,6690000,,0,0,0,,available,,1000,1000,,147856,Kindle
277360329,6700330216675,"Điện Thoại Realme Note 50 3GB/64GB - Hàng Chính HãngBộ sản phẩm bao gồm: Thân máy, sạc, cáp USB, dụng cụ lấy sim, vỏ bảo vệ, sách hướng dẫn sử dụng.Màn hình lớn sử dụng tấm nền IPS LCD- Trang bị k...",2229000,2490000,,261000,10,0,,available,,1000,1000,,247549,Realme
277348490,3902621163278,"Điện Thoại Realme C61 4GB/128GB - Hàng Chính HãngBộ sản phẩm bao gồm: Thân máy, sạc, cáp USB, dụng cụ lấy sim, vỏ bảo vệ, sách hướng dẫn sử dụng.Trải nghiệm sắc nét, chất lượng xem rõ ràng- Với mà...",2789000,3590000,,801000,22,0,,available,,1000,1000,,247549,Realme
277315392,5706322028470,"Thắng thao mobile cam kếtHàng chính hãng mới 100%Bảo hành 6 tháng phần cứng,12 tháng phần mềm Cấu hình sản phẩm Kích thước màn hình :6.71 inchesCamera sau: Camera kép AI 8MPCamera trước: 5MP...",2290000,2690000,,400000,15,0,,available,,1000,1000,,25422,Xiaomi
277039291,2039926997391,"Samsung Galaxy A55 5G, mẫu điện thoại mới của dòng Galaxy A, ra mắt với nhiều công nghệ tiên phong kèm theo kết nối 5G nhanh chóng. Được giới thiệu như một lựa chọn đa năng, chất lượng cao nhưng có mứ...",8790000,8790000,,0,0,1,,available,,1000,1000,,18802,Samsung
277005407,4838509377527,"Điện Thoại Oppo Reno13 F 8GB/256GB - Hàng Chính HãngBộ sản phẩm bao gồm: Thân máy, sạc, cáp USB, dụng cụ lấy sim, vỏ bảo vệ, sách hướng dẫn.Màn hình hiển thị màu tốt- Trang bị màn hình 6.67 inch v...",8149000,8990000,,841000,9,0,,available,,1000,1000,,25643,OPPO
277004858,9806090534646,"Thắng thao mobile cam kếtHàng chính hãng mới 100%Bảo hành 12 thángThông số sản phầm Kích thước màn hình : 6.88 inchesCamera sau:50MP, Ống kính -5P, f/1.8Camera trước:13MP - f/2.0Chipset:MediaTek Heli...",2799000,3290000,,491000,15,0,,available,,1000,1000,,25422,Xiaomi
276539826,5275035218388,"Kindle nhẹ và nhỏ gọn nhất - Có đèn nền sáng hơn ở mức tối đa, tỷ lệ tương phản cao hơn và tốc độ lật trang nhanh hơn, mang đến trải nghiệm đọc tốt hơn.Đọc dễ dàng trong mọi điều kiện ánh sáng - Với...",3690000,4290000,,600000,14,0,,available,,1000,1000,,147856,Kindle
276529979,7428800081158,Amazon Kindle Scribe 2 - Màn hình được thiết kế lại cho trải nghiệm đọc sách tốt hơn. Có thể viết trực tiếp trên sách và tài liệu cùng tính năng tóm tắt sổ tay tích hợp và Bút Premium.Kindle Scribe ...,15090000,15590000,,500000,3,0,,available,,1000,1000,,147856,Kindle
276508771,3088828178695,MÁY TÍNH BẢNG BẢO VỆ MẮT JOYSTAR J10 I. TỔNG QUAN VỀ SẢN PHẨM1. Tên sản phẩm: Máy tính bảng bảo vệ mắt Joystar J102. Thương hiệu: Joystar (thuộc Công ty CP Masscom Việt Nam)3. Đối tượng sử dụng: ...,3490000,3490000,,0,0,0,,available,,1000,1000,,8252318,JoyStar
276465090,9251475608553,"Màu máy: Màu ngẫu nhiên hoặc khách hàng inbox để được chọn màu.Amazon vừa ra mắt Kindle Paperwhite thế hệ thứ 12 mới ( Kindle Paperwhite 6 12th ). Kể từ khi ra mắt vào năm 2012, Kindle Paperwhite đã ...",4890000,8990000,,4100000,46,0,,available,,1000,1000,,147856,Kindle
276245615,9963862394417,Giới thiệu Tẩu Sạc Nhanh Dùng Trên Ô Tô Baseus Golden Contactor Pro GaN Fast Charging Car Charger U+2C 65WBaseus Golden Contactor Pro GaN Fast Charging Car Charger U+2C 65W là một tẩu sạc ô tô sử dụn...,549000,549000,,0,0,0,,available,,1000,1000,,21651,Baseus
276243442,1447701015900,"Giới thiệu Đèn treo màn hình bảo vệ mắt Baseus i-Wok Series (i Wok Youth Edition, 3 Light Mode, Anti Bluelight, USB Stepless Dimming Screen Hanging Light)- Đèn treo màn hình bảo vệ mắt Baseus i-Work ...",699000,699000,,0,0,1,,available,,1000,1000,,21651,Baseus
276181269,3474950652963,THÔNG TIN SẢN PHẨMGiới thiệu Củ Sạc Nhanh Baseus Palm C+U 20W (For iPhone/iPad/Samsung/Google Pixel)Củ sạc nhanh Baseus Palm C+U 20W là một phụ kiện công nghệ tiện ích cho các thiết bị di động n...,258000,258000,,0,0,1,,available,,1000,1000,,21651,Baseus
276147893,9319953902301,"Tính năng nổi bật1.Thiết kế có thể xoay & có thể gập lại2.360° Thiết kế xoay3.Kỹ thuật CNC tinh xảo, chống mài mòn và bền4.Miếng đệm silicon chống trượtChiều cao 5,22cm có thể điều chỉnh...",714000,714000,,0,0,0,,available,,1000,1000,,21651,Baseus
276146274,8689836568399,Tính năng nổi bật×Thời gian tai nghe: Dùng Khoảng 50 giờ (âm lượng 70%) - Sạc 2 giờCổng sạc: Type-CCông nghệ âm thanh: Surround SoundDynamic Bass BoostChống ồn : Công nghệ ENC / Active Noise Ca...,669000,669000,,0,0,0,,available,,1000,1000,,21651,Baseus
276104423,3964859500738,"Màn hình: QQVGA 1.77""Danh bạ: 2000 sốSố khe SIM: 2 nano SIMMạng di động: Hỗ trợ 4GBluetooth v5.1Hỗ trợ định dạng: MP3, MP4Loa to, Bàn chím to, Phông chữ to, Đèn pin LED sáng, Lịch âm tiện dụng,...",519000,629000,,110000,17,0,,available,,1000,1000,,112638,Masstel
274156763,2608284679584,"Điện Thoại Oppo A38 4GB/128GB - Hàng Chính HãngBộ sản phẩm bao gồm: Thân máy, sạc, cáp USB, dụng cụ lấy sim, vỏ bảo vệ, sách hướng dẫn.Nâng cao trải nghiệm với màn hình lớn- Trang bị cho điện thoạ...",3239000,4490000,,1251000,28,0,,available,,1000,1000,,25643,OPPO
273438458,3020549962309,"Thông số kỹ thuậtMàn hình6.7 inch, PLS LCD, HD+, 720 x 1600 PixelsCamera sau50.0 MP + 2.0 MPCamera Selfie8.0 MPRAM4 GBBộ nhớ trong128 GBCPUHelio G85Dung lượng pin5000 mAh...",3037000,3037000,,0,0,0,,available,,1000,1000,,18802,Samsung
273258830,9898804509755,...,3037000,3037000,,0,0,1,,available,,1000,1000,,18802,Samsung
271727840,7717145384795,"Màn hình: 5,45 inch , Độ phân giải: 1440 x 720CPU: MediaTek Helio G36, MediaTek MT6765V/X, Octa CoreHệ điều hành: Android 13Mở khóa bằng khuôn mặtRAM 4GB + ROM 64GB, Thẻ TF lên tới 256GB (không ba...",3590000,3590000,,0,0,0,,available,,1000,1000,,169013,Ulefone
249168949,4419043364630,"Đặc điểm nổi bật thiết kế sang trọng, siêu mỏng nhẹ chỉ 199 gam phân giải Full HD+, hình ảnh hiển thị sống độngChip Dimensity 1080 mạnh mẽ, nghe gọi, xem phim, lướt web mượt màBộ 3 camera sau 48MP...",7164000,7164000,,0,0,0,,available,,1000,1000,,18802,Samsung
248929458,1049694298922,"Màn hình: Super AMOLED 6.6"", Full HD+ (1080 x 2340 Pixels)Hệ điều hành: Android 13Camera sau: 48 MP + 8 MP + 5 MPCamera trước: 13 MPChipset: MediaTek Dimensity 1080 8 nhânRAM: 8 GBB...",7164000,7164000,,0,0,0,,available,,1000,1000,,18802,Samsung
198868735,2440196291396,"- Điện thoại IP- 2 cổng LAN 10/100 (không PoE)- 1 tài khoản SIP- Màn hình LCD, Jack tai nghe RJ9, Contact 1000 số, Call log 200 số, OpenVPN, tích hợp quản lý Cloud....",880000,880000,,0,0,0,,available,,1000,1000,,257401,Grandstream
181928189,6462111366048,Bộ 2 máyMàn hình LCD 1.6” hiển thị rõ nét.Danh bạ lưu 50 tên và sốHiển thị số gọi đến*Nhớ 10 số gọi đi6 phím gọi nhanhĐàm thoại 3 bênLoa ngoài hai chiềuKhả năng kết nói với repeater mở rộng p...,1550000,1550000,,0,0,6,,available,,1000,1000,,18804,Panasonic
178311123,3750676744541,Điện thoại bàn Panasonic KX-TGD310CX được thiết kế đơn giản và thanh thoát nhưng rất sang trọng. Với màu đen truyền thống điện thoại Panasonic KX-TGD310CX sẽ làm cho căn phòng của bạn trở nên nổi bật ...,1199000,1199000,,0,0,1,,available,,1000,1000,,18804,Panasonic
172537996,9753773128928,"Điện thoại bàn IP model H2P (Có PoE), hiệu Alcatel - Lucent- Màn hình 2.3” 128x64 có đèn nền- 2 tài khoản SIP accOunt- Danh bạ lên tới 1,000 contact- Cổng tai nghe RJ9, Wideband HD handset- OpenVPN- 2...",2220000,2220000,,0,0,0,,available,,1000,1000,,31978,Alcatel
170727266,8530250420588,"Màn hình LCD hiển thị rõ ràng và dễ đọc.Hiển thị số  gọi đến, gọi đi.Nhớ năm mươi số gọi đến, hai mươi số gọi đi.Danh bạ năm mươi tên và số điện thoại.Bàn phím to dễ sử dụng, thao tác đơn giản.K...",688000,688000,,0,0,14,,available,,1000,1000,,18804,Panasonic
170165658,3359919261431,"-       Màu: Đỏ, Xanh, Đỏ.-        303 đa chức năng, hiển thị số điện thoại gọi đến, màn hình lớn có đèn.-       Kiểu chân đế chữ V để bàn.-       Hiển thị số điện thoại gọi đến cho cả 2 hệ FSK/DTM...",450000,450000,,0,0,5,,available,,1000,1000,,5178283,KTEL
164318603,7892537752849,Màn hình LCD 1.8 hiển thị rõ nétLưu 50 số đến và 10 số đi; 09 số gọi nhanhDanh bạ lưu 100 tên và sốChế độ quản lý trẻ nhỏCó loa ngoài 2 chiềuKhả năng kết nối với Repeater mở rộng phạm vi phát...,2350000,2350000,,0,0,6,,available,,1000,1000,,18804,Panasonic
118136229,6764385221038, điện thoại bàn Panasonic KX-TGD312CX được thiết kế đơn giản và thanh thoát nhưng rất sang trọng. Với màu đen truyền thống điện thoại Panasonic KX-TGD312CX sẽ làm cho căn phòng của bạn trở nên nổi bậ...,1929000,1929000,,0,0,1,,available,,1000,1000,,18804,Panasonic
118130919,1661827612017, bàn Panasonic KX-TGD310CX được thiết kế đơn giản và thanh thoát nhưng rất sang trọng. Với màu đen truyền thống  Panasonic KX-TGD310CX sẽ làm cho căn phòng của bạn trở nên nổi bật và độc đáo...,1199000,1199000,,0,0,6,,available,,1000,1000,,18804,Panasonic
118124199,8721611995975,Panasonic KX-TGC313CX được thiết kế đơn giản và thanh thoát nhưng rất sang trọng. Với màu đen truyền thống điện thoại Panasonic KX-TGC313CX sẽ làm cho căn phòng của bạn trở nên nổi bật và độc đáo hơn....,2159000,2159000,,0,0,0,,available,,1000,1000,,18804,Panasonic
118103703,6244886744687,Điện thoại bàn Panasonic KX-TGC312CX (Hai tay con)Điện thoại bàn Panasonic KX-TGC312CX được thiết kế đơn giản và thanh thoát nhưng rất sang trọng. Với màu đen truyền thống điện thoại Panasonic KX-TGC...,1669000,1669000,,0,0,0,,available,,1000,1000,,18804,Panasonic
118102328,1068789388299,Điện thoại bàn Panasonic KX-TGC310CX được thiết kế đơn giản và thanh thoát nhưng rất sang trọng. Với màu đen truyền thống Điện thoại Panasonic KX-TGC310CX sẽ làm cho căn phòng của bạn trở nên nổi bật ...,1139000,1139000,,0,0,1,,available,,1000,1000,,18804,Panasonic
117929538,4799782004097,"ĐIỂM NỔI BẬT PANASONIC KX-TS560Đèn báo cuộc gọi đếnKiểu dáng thiết kế độc đáo mới lạBàn phím to, dễ sử dụng, thao tác đơn giảnHệ thống gọi bằng một phím bấmĐiều chỉnh âm lượng chuông với 3 mức l...",723000,723000,,0,0,0,,available,,1000,1000,,18804,Panasonic
117347869,2376905437980,"       ĐIỆN THOẠI HỘI NGHỊ YEALINK CP960   CHẤT LƯỢNG ÂM THANH TRUNG THỰC VÀ MẠNH MẼ   THU ÂM ĐA HƯỚNG VỚI KHOẢNG CÁCH RỘNG   ● Với khả năng thu âm đa hướng(3600) với khoảng cách lên đến 6m, Ye...",15230000,15230000,,0,0,0,,available,,1000,1000,,472079,Yealink
94453667,4756172867236,Điện thoại VoIP Yealink SIP-T30 là dòng điện thoại thay thế cho các dòng T19 cũ. Điện thoại thoại được trang bị một số công nghệ mới vượt trội hơn dòng cũ.SIP-T30 là dòng điện thoại thông dụng dành c...,1050000,1050000,,0,0,0,,available,,1000,1000,,472079,Yealink
53380152,1033646664991,"Điện thoại IP Fanvil X1SĐầy đủ tính năng, hiệu quả cao-Fanvil X1S / X1SP nổi bật với vẻ ngoài thanh lịch hoàn toàn mới với màn hình đèn nền rõ ràng và các phím dòng mới được thêm vào với đèn LED, gi...",950000,950000,,0,0,0,,available,,1000,1000,,525323,Fanvil
4048581,5786167456410,"Thiết kế nổi bật, tiện íchĐiện Thoại Bàn Panasonic KX-TSC11 được thiết kế đơn giản, thanh thoát nhưng rất sang trọng. Với màu sắc bắt mắt KX-TS500 làm cho căn phòng của bạn thêm nổi bật. Máy thích hợ...",669000,689000,,20000,3,9,,available,,1000,1000,,18804,Panasonic
4048043,5352269298151,"Thiết kế nổi bật, tiện íchĐiện Thoại Bàn Panasonic KX-TS500 được thiết kế đơn giản, thanh thoát nhưng rất sang trọng. Với màu sắc bắt mắt KX-TS500 làm cho căn phòng của bạn thêm nổi bật. Máy thích hợ...",359000,359000,,0,0,25,,available,,1000,1000,,18804,Panasonic
277618727,8767207619581," ĐIỆN THOẠI HỌC SINH JOYSTAR S10 – SẢN PHẨM HỖ TRỢ HỌC TẬP, LIÊN LẠC AN TOÀN CHO TRẺ GIỚI THIỆU SẢN PHẨMJoystar S10 là mẫu điện thoại thông minh được thiết kế riêng cho đối tượng học sinh tiểu học v...",2490000,2490000,,0,0,0,,available,,1000,1000,,8252318,JoyStar
277574339,2018136311966,"Mạnh mẽ, tinh tếCủ sạc nhanh mới với tính năng Sạc Siêu Nhanh 25W, dành cho thiết bị tương thích với cáp sạc USB Type-C.*Sạc siêu nhanh (SFC) là công nghệ sạc của Samsung dựa trên Power D...",160000,190000,,30000,16,0,,available,,1000,1000,,18802,Samsung
277437876,1378664018314,"Điện Thoại Samsung M15 5G 4GB/128GB - Hàng Chính HãngBộ sản phẩm bao gồm: Thân máy, cáp dữ liệu, tài liệu hướng dẫn, dụng cụ lấy sim.Tận hưởng không gian giải trí sống động- Trang bị nàn hình có k...",3759000,4390000,,631000,14,0,,available,,1000,1000,,18802,Samsung
277360976,3846418738942,"Điện Thoại Xiaomi Redmi 13C 8GB/256GB - Hàng Chính HãngBộ sản phẩm bao gồm: Pin, sạc, cáp USB kiểu C, hướng dẫn, cây tháo sim.Màn hình lớn, chất lượng hình ảnh hiển thị rõ nét, mượt mà- Redmi 13C ...",3379000,3990000,,611000,15,0,,available,,1000,1000,,25422,Xiaomi
277326226,9440660330824,"Thắng thao mobile cam kết️Hàng chính hãng mới 100%️Bảo hành 12 tháng Cấu hình sản phẩm️Mạng : 4G không lo cắt sóng️Kết nối : 4G, Wifi️Màn hình: TFT 3"" ️Phát wifi = sim 4G ️SIM: 2 SIM️Danh b...",629000,699000,,70000,10,0,,available,,1000,1000,,112638,Masstel
277315433,8057321800304,"Thắng thao mobile cam kết️Hàng nguyên hộp,mới 100%️Bảo hành 6 tháng phần cứng,12 tháng phần mềmCấu hình sản phẩm️ Màn hình: IPS LCD 6.53 inchs 1080 x 2340 pixels️ Hệ điều hành: Android 12 ️ Ram: 4GB...",2669000,3900000,,1231000,32,0,,available,,1000,1000,,25422,Xiaomi
277311651,2046481952349,"Điện Thoại Realme C65 6GB/128GB - Hàng Chính HãngBộ sản phẩm bao gồm: Thân máy, sạc, cáp USB, dụng cụ lấy sim, vỏ bảo vệ, sách hướng dẫn sử dụng.Hiển thị hình ảnh một cách chi tiết- Màn hình của đ...",3299000,3690000,,391000,11,0,,available,,1000,1000,,247549,Realme
277280378,1330326388103,"Giới thiệu Giá Đỡ Điện Thoại Từ Tính Baseus PrimeTrip VX1 Versatile Travel (3-Axis Foldable, Dual Magnetic Sides, Multiple Modes, Ultra-thin)Giá đỡ điện thoại Baseus PrimeTrip VX1 là một phụ kiện đa ...",715000,715000,,0,0,0,,available,,1000,1000,,21651,Baseus
277184973,5784316854676,"Điện Thoại Realme C65s 8GB/256GB - Hàng Chính HãngBộ sản phẩm bao gồm: Thân máy, sạc, cáp USB, dụng cụ lấy sim, vỏ bảo vệ, sách hướng dẫn sử dụng.Hình ảnh sắc nét chi tiết- Trang bị màn hình 6.745...",3879000,5290000,,1411000,27,0,,available,,1000,1000,,247549,Realme
277030799,7617104005155,"Thắng thao mobile cam kếtHàng nguyên hộp ,mới 100%Bảo hành 6 tháng phần cứng - 12 tháng phần mềm Thông số kỹ thuậtKích thước màn hình: 6.74 inchesCông nghệ màn hình:IPS LCDCamera sau: Chính 13...",2099000,2690000,,591000,22,0,,available,,1000,1000,,247549,Realme
276187629,9996338970389,THÔNG TIN SẢN PHẨMGiới thiệu Đèn treo màn hình Baseus i-wok 3 Series Asymmetric Light Source Magnetic Screen Hanging LightĐèn treo màn hình Baseus i-wok 3 Series Asymmetric Light Source Magnetic...,909000,909000,,0,0,0,,available,,1000,1000,,21651,Baseus
275206906,8439226697088,"Thiết kế cảm hứng từ máy ảnhLà chiếc điện thoại tập trung cho tính năng chính là máy ảnh, Tecno Camon 30 có thiết kế mô phỏng lại những chiếc máy ảnh cổ điển với cụm ống kính hình tròn nổi bật trên m...",5350000,6490000,,1140000,18,11,,available,,1000,1000,,162007,Tecno
274524033,2213120533733,Thắng thao mobile cam kếtHàng chính hãng mới 100%Bảo hành 12 tháng ở tất cả trung tâm masstel toàn quốcMáy chuẩn 4G không lo cắt sóng 2GCấu hình sản phẩmMàn hình 1.77inchPin 1400mAhPhông ...,619000,650000,,31000,5,0,,available,,1000,1000,,112638,Masstel
274516245,2886394643668,Thắng thao mobile cam kếtHàng chính hãng mới 100%Bảo hành 12 tháng chính hãng masstel Máy chuẩn 4G không lo cắt sóng 2GCấu hình sản phẩmMàn hình 2.0inchPin 2300mAhPhông chữ to tiện lợi dễ...,692000,699000,,7000,1,0,,available,,1000,1000,,112638,Masstel
274507025,3714019405863,"Thông tin chi tiết✅Màn hình IPS LCD, 120Hz 6,67 inch✅Hệ điều hành: Android 14, Realme UI 5.0✅Chíp: MediaTek Dimensity 6300 ✅ Camera sau :32 MP (góc rộng)✅ Camera phụ: 8 MP, (rộng)✅ RAM: 6GB✅ Bộ nhớ 1...",2999000,3990000,,991000,25,8,,available,,1000,1000,,247549,Realme
274375122,1728231541744,"Màn hình: AMOLED 6.67"", Full HD+(1080 x 2400 pixels)Hệ điều hành: Android 13Camera sau: 200 MP + 8 MP + 2 MPCamera trước: 16 MPChipset: MediaTek Helio G99-Ultra 8 nhânRAM: 8 GBBộ...",7290000,7290000,,0,0,0,,available,,1000,1000,,25422,Xiaomi
274065746,3169573257325,"Màn hình 6,6 inch FHD+HĐH: Android 13CPU: MediaTek Kích thước 6100+Loa to đa phương tiện 136 dB (5W)Pin: 22000 mAh Sạc nhanh: hỗ trợ 33 WRAM: 24Gb (8+16),Rom 256 GBCamera sau: 64MP/Camera nhìn đ...",8990000,8990000,,0,0,1,,available,,1000,1000,,112735,Oukitel
273684137,4412084213844,"Tablet Giáo dục Masstel Kidzone - Hàng chính hãng - Tặng gói học NEXTA TIỂU HỌC + ICANKID + KHAN KIDSGiới hạn thời gian sử dụng, đảm bảo trẻ không bị nghiện máy tính bảngKidZone được tích...",1990000,1990000,,0,0,5,,available,,1000,1000,,112638,Masstel
273232944,4397738364139,"Thiết kế hiện đại với kiểu dáng sang trọngMasstel Tab 10.4 sở hữu thiết kế phẳng, tối giản dù có mức giá rẻ nhưng được chế tác từ kim loại một cách cứng cáp, sang trọng và tinh tế với độ bền cao.Mặ...",4990000,4990000,,0,0,2,,available,,1000,1000,,112638,Masstel
273231495,3800654674188,"MÀN HÌNHKích thước 10.1″ IPS – Công nghệ IPS cho góc nhìn rộng hơn, người sử dụng có trải nghiệm tốt hơn khi sử dụng. Độ phân giải 1280*800 điểm ảnh (Chuẩn HD với 16.7 triệu màu) cho hiển thị sắc nét...",4290000,4290000,,0,0,0,,available,,1000,1000,,112638,Masstel
273029857,9473653790591,"Đắm chìm hết cỡ vào màn hình rộng mởThỏa sức thưởng thức hình ảnh bật nét qua màn hình độ phân giải cao FHD+ rộng 6.7"", giúp cân tất mọi phim và trò chơi yêu thích của bạn với chất lượng liền mạch, ...",3625000,3625000,,0,0,1,,available,,1000,1000,,18802,Samsung
272270730,7044203760003,"Samsung Galaxy A05 – ‘Ông vua’ của phân khúc giá rẻSamsung Galaxy A05 có kiểu dáng trẻ trung, hiện đại, phù hợp với mọi đối tượngSamsung Galaxy A05 khoác lên mình vẻ ngoài vô cùng nổi bật với những...",3037000,3037000,,0,0,0,,available,,1000,1000,,18802,Samsung
272241346,7438421065151,"Màn hình: IPS LCD 6.7"", (720 x 1600 pixel)Hệ điều hành: Android 13Camera sau: 50 MP + 2 MPCamera trước: 13 MPChipset: Snapdragon SM6225RAM: 4 GBBộ nhớ trong: 128 GBCổng kết nối...",3625000,3625000,,0,0,0,,available,,1000,1000,,18802,Samsung
272238679,3016056579526,"Màn hình: IPS LCD 6.7"", (720 x 1600 pixel)Hệ điều hành: Android 13Camera sau: 50 MP + 2MPCamera trước: 8 MP, f/2.0Chipset: Exynos 1380 8 nhânRAM: 4 GBBộ nhớ trong: 128 GBCổng kết nối/sạc: Typ...",3037000,3037000,,0,0,0,,available,,1000,1000,,18802,Samsung
270791102,5231740624225," Điện Thoại Sony Chính Hãng XPERIA 10 MARK V️ Hàng Chính Hãng Sony Việt Nam.️ 100% Fullbox, Nguyên Seal.️ Bảo hành chính hãng 12 Tháng tại các Trung Tâm Bảo Hành trên toàn quốc. Xperia 10 V | Điệ...",12490000,12490000,,0,0,0,,available,,1000,1000,,18641,Sony
230157205,3684006639942,"Cấu hình Điện thoại Xiaomi Redmi Note 10TMàn hình: IPS LCD6.5""Full HD+Hệ điều hành: Android 11Camera sau: Chính 50 MP & Phụ 2 MP, 2 MPCamera trước: 8 MPChip: Qualcomm Snapdragon 480RAM: 4 GB...",2699000,4190000,,1491000,36,30,,available,,1000,1000,,25422,Xiaomi
230155305,1901131422256,"Cấu hình Điện thoại Xiaomi Redmi Note 10 JE Màn hình: IPS LCD 6.5"" Full HD+Hệ điều hành: Android 11Camera sau: Chính 48 MP & Phụ 2 MP, 2 MPCamera trước: 8 MPChip: Snapdragon 480 5GRAM: 4 GB...",2659000,3990000,,1331000,33,62,,available,,1000,1000,,25422,Xiaomi
214756058,5239906950205,"Sản phẩm đầu tiên thuộc dòng basic có độ phân giải 300ppiMáy đọc sách New Kindle 11th 2022 (16GB) được nâng cấp với màn hình độ phân giải 300ppi (so với 167ppi) của đời trước, cổng kết nối USB-Type C...",3200000,3200000,,0,0,0,,available,,1000,1000,,147856,Kindle
198868573,6603338992478,– Điện thoại IP– 2 cổng LAN 10/100– có PoE– 1 tài khoản SIP– Màn hình LCD– Jack tai nghe RJ9– Contact 1000 số– Call log 200 số– tích hợp quản lý Cloud– Xuất xứ : Grandstream USA/ China– Bảo hành : 12 ...,1050000,1050000,,0,0,0,,available,,1000,1000,,257401,Grandstream
181927801,5355086404171,"Màn hình LCD 1.6” hiển thị rõ nét, đèn màn hình màu cam.- Danh bạ lưu 50 tên và số, chia sẻ danh bạ giữa các tay con- Hiển thị 50 số gọi đến, 10 số gọi đi, 6 số gọi nhanh- Đàm thoại 3 bên- Loa ngo...",1590000,1590000,,0,0,13,,available,,1000,1000,,18804,Panasonic
181927718,8652193937082,• Màn hình LCD 1.6” hiển thị rõ nét.• Danh bạ lưu 50 tên và số• Hiển thị số gọi đến*• Nhớ 10 số gọi đi• 6 phím gọi nhanh• Đàm thoại 3 bên• Loa ngoài hai chiều• Khả năng kết nói với repeater mở rộng ph...,2150000,2150000,,0,0,3,,available,,1000,1000,,18804,Panasonic
179547641,3301286969393,"- Màn hình : 6.8Inch, mật độ hiển thị màn hình 300ppi, đèn điều chỉnh 16 cấp độ- Kích thước : 4.9” x 6.9” x .32” (124.6 x 174.2 x 8.1 mm)- Trọng lượng : 7.23 oz (205 g)- Dung lượng : 8GB hoặc 32GB(bản...",3850000,3950000,,100000,3,0,,available,,1000,1000,,147856,Kindle
164318521,3057890145380,• Màn hình LCD 1.8” hiển thị rõ nét.• Danh bạ lưu 100 tên và số• Lưu 50 số gọi đến*• Nhớ 10 số gọi đi• Chia sẻ danh bạ giữa máy mẹ và tay con• 9 phím gọi nhanh• Loa ngoài hai chiều trên tay con• Chế đ...,2500000,2500000,,0,0,6,,available,,1000,1000,,18804,Panasonic
118146255,5825075730079,"Lưu 100 tên danh bạ và sốMáy điện thoại Dect phone kết nối tay con KX-TGF320CX gồm 1 điện thoại mẹ có thể lưu 50 tên danh bạ và số,phục vụ các cuộc gọi được thuận tiện.Có màn hình hiển thị ngày giờMá...",2499000,2499000,,0,0,0,,available,,1000,1000,,18804,Panasonic
117929342,6989032463968,"Hiển thị số gọi đến và gọi đi (nhớ được 50 số gọi đến và 20 số gọi đi ).Kiểm tra, xóa, và gọi lại số gọi đến và gọi đi.Tự động điền mã vùng và mã di động vào số máy bạn gọi.Tự động phân biệt và gọi...",639000,639000,,0,0,5,,available,,1000,1000,,18804,Panasonic
102620086,4597720295577,       Yealink HD Voice   2.3” 132×64-pixel graphical LCD   1 tài khoản SIP   Hội nghị được 5 bên   Hỗ trợ EHS Wireless Headset   Unifed Firmware   Hỗ trợ YDMP/YMCS   TÍNH NĂNG ĐIỆN THOẠI Y...,1200000,1200000,,0,0,0,,available,,1000,1000,,472079,Yealink
29440849,8139855205437,"Hỗ trợ SIP V2.0 (RFC 3261,3262, 3263,3264)2*10/100 m RJ45 Cổng128*64 TFT2 Line-Phím & 2 tài khoản SIP4 các nút tùy chỉnh cho MÀN HÌNH LCD để lựa chọn10 phím đa chức năng, (Nếu Không Có BLF)Hỗ trợ ...",1650000,1650000,,0,0,0,,available,,1000,1000,,522685,Flyingvoice
25949745,4301494001686,Thiết kế siêu nhẹMáy Đọc Sách Kindle Oasis 10th Generation - 8Gb mang đến cho bạn trải nghiệm bất ngờ khi lần đầu tiên cầm máy trên tay khi trọng lượng rất nhẹ đôi khi có cảm giác như nó không có trọ...,6700000,6700000,,0,0,0,,available,,1000,1000,,147856,Kindle
11251951,4190116240875,"Thiết kế chắc chắnĐiện Thoại Bàn Panasonic KX-TGB110 được thiết kế chắc chắn và cứng cáp với các góc cạnh bo nhẹ, cho bạn cảm giác chắc và đầm tay.Màn hình hiển thị LCD 1.4 inchVới thiết kế nhỏ gọn...",850000,850000,,0,0,1,,available,,1000,1000,,18804,Panasonic
11251711,6819082887706,"Dù với sự phát triển ngày càng mạnh mẽ và thông dụng của điện thoại di động, nhưng chiếc điện thoại bàn vẫn luôn gắn bó và có mặt trong mọi gia đình Việt. Điện thoài bàn ngày nay đã được cải tiến với ...",2150000,2150000,,0,0,2,,available,,1000,1000,,18804,Panasonic
277185998,5670230236162,"Điện Thoại Realme C65 8GB/128GB - Hàng Chính HãngBộ sản phẩm bao gồm: Thân máy, sạc, cáp USB, dụng cụ lấy sim, vỏ bảo vệ, sách hướng dẫn sử dụng.Khả năng hiển thị sống động, mượt mà- Sở hữu màn hì...",3599000,4290000,,691000,16,0,,available,,1000,1000,,247549,Realme
277185947,7910732380675,"Điện Thoại Realme C65s 6GB/128GB - Hàng Chính HãngBộ sản phẩm bao gồm: Thân máy, sạc, cáp USB, dụng cụ lấy sim, vỏ bảo vệ, sách hướng dẫn sử dụng.Màn hình sắc nét, trải nghiệm mượt mà- Realme C65s...",3239000,4290000,,1051000,24,0,,available,,1000,1000,,247549,Realme
277185786,7250923993652,"Điện Thoại Realme C65s 8GB/128GB - Hàng Chính HãngBộ sản phẩm bao gồm: Thân máy, sạc, cáp USB, dụng cụ lấy sim, vỏ bảo vệ, sách hướng dẫn sử dụng.Trải nghiệm mượt mà, hình ảnh sắc nét- Realme C65s...",3699000,4790000,,1091000,23,0,,available,,1000,1000,,247549,Realme
277034393,9447137949159,"Diện mạo sang trọng, thu hút mọi ánh nhìnĐiện thoại Samsung Galaxy A05s sở hữu thiết kế nguyên khối liền mạch, các góc bo tròn tỉ mỉ mang đến một chiếc điện thoại với diện mạo hết mực trẻ trung, năn...",3625000,3625000,,0,0,0,,available,,1000,1000,,18802,Samsung
277005367,5808224082938,"Điện Thoại Oppo Reno13 F 5G 12GB/256GB - Hàng Chính HãngBộ sản phẩm bao gồm: Thân máy, sạc, cáp USB, dụng cụ lấy sim, vỏ bảo vệ, sách hướng dẫn.Công nghệ hiển thị tốt, tần số quét cao- Với kích th...",10139000,10990000,,851000,8,0,,available,,1000,1000,,25643,OPPO
273398391,5388654888994,"Màn hình : 6,58 inch, IPS, 1080 x 2408 pixel, 24 bitCPU: MediaTek Dimensity 900 (MT6877) , Lõi : 8GPU: ARM Mali-G68 MC4, 1000 MHz, Lõi : 4RAM: 12 GB, Rom 256 GBMạng 2,3,4,5GThẻ nhớ : microSD, mi...",14990000,14990000,,0,0,0,,available,,1000,1000,,169013,Ulefone
271329051,5332952571919, ...,4900000,4900000,,0,0,2,,available,,1000,1000,,147856,Kindle
252884932,8218561199857,"- Tay con mở rộng Panasonic TGCA30 ( Như hình )- Kết nối thêm tay con TGC310, TGC312 ,TGC313- Có thể  mở rộng cho các máy DECT Phone : TGC210 , TGC212, TGD310 , TGD312 ,TGF310, TGF320...",750000,750000,,0,0,1,,available,,1000,1000,,18804,Panasonic
21317020,1707684225376,"Dù với sự phát triển ngày càng mạnh mẽ và thông dụng của điện thoại di động, nhưng chiếc điện thoại bàn vẫn luôn gắn bó và có mặt trong mọi gia đình Việt. Điện thoài bàn ngày nay đã được cải tiến với ...",2590000,2590000,,0,0,0,,available,,1000,1000,,18804,Panasonic
